a¤o;fecha;posicion;tipo;tipo operaci¢n;ejercicio;Primero;Minimo;Maximo;Ultimo;Volumen;"Volumen
IRC";Sub-Tot Vol;Ajuste / VT;OI;Cod. Prod;Cod. Pto;Mes Entrega (numeros);Mes Entrega (letras);"Abreviado
Prod";"Abreviado
Pto";moneda;unidad;"mercado
referencia"
2019;02/01/2019;GGAL/MAR19;Futuro;Futuro;0;115.1;114.75;119.31;118.2;15300;;15,300;118.2;65;91;90;201903;mar-19;GGAL;s/e;Pesos;ACC;FI
2019;03/01/2019;GGAL/MAR19;Futuro;Futuro;0;117.85;115;119.78;119.78;15400;;15,400;119.78;87;91;90;201903;mar-19;GGAL;s/e;Pesos;ACC;FI
2019;04/01/2019;GGAL/MAR19;Futuro;Futuro;0;122;122;125.75;124.75;33200;;33,200;124.75;102;91;90;201903;mar-19;GGAL;s/e;Pesos;ACC;FI
2019;07/01/2019;GGAL/MAR19;Futuro;Futuro;0;125.4;124.5;131.75;129.45;22600;;22,600;129.45;117;91;90;201903;mar-19;GGAL;s/e;Pesos;ACC;FI
2019;08/01/2019;GGAL/MAR19;Futuro;Futuro;0;128.4;124.23;129.71;128.77;29300;;29,300;128.77;129;91;90;201903;mar-19;GGAL;s/e;Pesos;ACC;FI
2019;09/01/2019;GGAL/MAR19;Futuro;Futuro;0;134.15;131.26;137.15;131.26;19800;;19,800;131.26;142;91;90;201903;mar-19;GGAL;s/e;Pesos;ACC;FI
2019;10/01/2019;GGAL/MAR19;Futuro;Futuro;0;130.5;130;133.15;133.15;31000;;31,000;133.15;212;91;90;201903;mar-19;GGAL;s/e;Pesos;ACC;FI
2019;11/01/2019;GGAL/MAR19;Futuro;Futuro;0;133.3;129.45;133.93;129.95;38400;;38,400;129.99;206;91;90;201903;mar-19;GGAL;s/e;Pesos;ACC;FI
2019;14/01/2019;GGAL/MAR19;Futuro;Futuro;0;128.55;127;130.15;127;22400;;22,400;127;203;91;90;201903;mar-19;GGAL;s/e;Pesos;ACC;FI
2019;15/01/2019;GGAL/MAR19;Futuro;Futuro;0;128.25;124.5;128.25;124.5;32000;;32,000;124.5;180;91;90;201903;mar-19;GGAL;s/e;Pesos;ACC;FI
2019;16/01/2019;GGAL/MAR19;Futuro;Futuro;0;127;125;128.7;127;57000;;57,000;127;232;91;90;201903;mar-19;GGAL;s/e;Pesos;ACC;FI
2019;17/01/2019;GGAL/MAR19;Futuro;Futuro;0;125.5;125;127.07;125.31;17600;;17,600;125.31;273;91;90;201903;mar-19;GGAL;s/e;Pesos;ACC;FI
2019;18/01/2019;GGAL/MAR19;Futuro;Futuro;0;128.75;128.46;134.81;133.2;37100;;37,100;133.4;246;91;90;201903;mar-19;GGAL;s/e;Pesos;ACC;FI
2019;21/01/2019;GGAL/MAR19;Futuro;Futuro;0;133;133;133.43;133.32;2000;;2,000;132.49;251;91;90;201903;mar-19;GGAL;s/e;Pesos;ACC;FI
2019;22/01/2019;GGAL/MAR19;Futuro;Futuro;0;132;128;132.1;128.55;23800;;23,800;128.55;260;91;90;201903;mar-19;GGAL;s/e;Pesos;ACC;FI
2019;23/01/2019;GGAL/MAR19;Futuro;Futuro;0;131.6;131.4;135;134.7;35100;;35,100;134.7;299;91;90;201903;mar-19;GGAL;s/e;Pesos;ACC;FI
2019;24/01/2019;GGAL/MAR19;Futuro;Futuro;0;136;132.3;139.03;133.6;23800;;23,800;133.6;309;91;90;201903;mar-19;GGAL;s/e;Pesos;ACC;FI
2019;25/01/2019;GGAL/MAR19;Futuro;Futuro;0;135.21;134.35;137.09;134.48;24800;;24,800;134.48;311;91;90;201903;mar-19;GGAL;s/e;Pesos;ACC;FI
2019;28/01/2019;GGAL/MAR19;Futuro;Futuro;0;130.01;130.01;140.25;140.25;20500;;20,500;140.25;282;91;90;201903;mar-19;GGAL;s/e;Pesos;ACC;FI
2019;29/01/2019;GGAL/MAR19;Futuro;Futuro;0;138.65;135.44;139.15;139;19100;;19,100;139;301;91;90;201903;mar-19;GGAL;s/e;Pesos;ACC;FI
2019;30/01/2019;GGAL/MAR19;Futuro;Futuro;0;139.23;137.4;140.3;140.13;9400;;9,400;140.13;301;91;90;201903;mar-19;GGAL;s/e;Pesos;ACC;FI
2019;31/01/2019;GGAL/MAR19;Futuro;Futuro;0;142.8;141.85;143.5;142.85;12400;;12,400;142.85;301;91;90;201903;mar-19;GGAL;s/e;Pesos;ACC;FI
2019;01/02/2019;GGAL/MAR19;Futuro;Futuro;0;143.5;142.02;144.35;142.15;9200;;9,200;142.15;301;91;90;201903;mar-19;GGAL;s/e;Pesos;ACC;FI
2019;04/02/2019;GGAL/MAR19;Futuro;Futuro;0;140.8;140.8;146;145.45;18500;;18,500;145.45;321;91;90;201903;mar-19;GGAL;s/e;Pesos;ACC;FI
2019;05/02/2019;GGAL/MAR19;Futuro;Futuro;0;145.8;145.21;147.9;146.24;14700;;14,700;146.24;325;91;90;201903;mar-19;GGAL;s/e;Pesos;ACC;FI
2019;06/02/2019;GGAL/MAR19;Futuro;Futuro;0;146.35;142.3;147.2;142.5;19700;;19,700;142.5;325;91;90;201903;mar-19;GGAL;s/e;Pesos;ACC;FI
2019;07/02/2019;GGAL/MAR19;Futuro;Futuro;0;141.5;137.65;141.5;138.45;27000;;27,000;138.45;342;91;90;201903;mar-19;GGAL;s/e;Pesos;ACC;FI
2019;08/02/2019;GGAL/MAR19;Futuro;Futuro;0;139.9;138.5;143.55;143.55;19600;;19,600;143.55;334;91;90;201903;mar-19;GGAL;s/e;Pesos;ACC;FI
2019;11/02/2019;GGAL/MAR19;Futuro;Futuro;0;143.49;141.24;145.6;145.6;14500;;14,500;145.6;363;91;90;201903;mar-19;GGAL;s/e;Pesos;ACC;FI
2019;12/02/2019;GGAL/MAR19;Futuro;Futuro;0;147.15;146.25;148.28;147.15;25000;;25,000;147.15;223;91;90;201903;mar-19;GGAL;s/e;Pesos;ACC;FI
2019;13/02/2019;GGAL/MAR19;Futuro;Futuro;0;146.25;141.5;146.25;141.5;17500;;17,500;141.5;196;91;90;201903;mar-19;GGAL;s/e;Pesos;ACC;FI
2019;14/02/2019;GGAL/MAR19;Futuro;Futuro;0;140.1;139.85;143;140.6;18300;;18,300;142;199;91;90;201903;mar-19;GGAL;s/e;Pesos;ACC;FI
2019;15/02/2019;GGAL/MAR19;Futuro;Futuro;0;142.4;140;142.46;140.7;8200;;8,200;140.7;207;91;90;201903;mar-19;GGAL;s/e;Pesos;ACC;FI
2019;18/02/2019;GGAL/MAR19;Futuro;Futuro;0;139.6;139.3;139.85;139.85;1600;;1,600;139.85;206;91;90;201903;mar-19;GGAL;s/e;Pesos;ACC;FI
2019;19/02/2019;GGAL/MAR19;Futuro;Futuro;0;138.35;134;138.35;134;22600;;22,600;134;219;91;90;201903;mar-19;GGAL;s/e;Pesos;ACC;FI
2019;20/02/2019;GGAL/MAR19;Futuro;Futuro;0;140;134.15;140;134.37;16400;;16,400;137.37;190;91;90;201903;mar-19;GGAL;s/e;Pesos;ACC;FI
2019;21/02/2019;GGAL/MAR19;Futuro;Futuro;0;135.3;131.75;135.96;133;8800;;8,800;133;171;91;90;201903;mar-19;GGAL;s/e;Pesos;ACC;FI
2019;22/02/2019;GGAL/MAR19;Futuro;Futuro;0;135.52;134.48;136.4;135.95;10100;;10,100;135.95;185;91;90;201903;mar-19;GGAL;s/e;Pesos;ACC;FI
2019;25/02/2019;GGAL/MAR19;Futuro;Futuro;0;138.8;134.69;138.95;135.44;13300;;13,300;135.44;173;91;90;201903;mar-19;GGAL;s/e;Pesos;ACC;FI
2019;26/02/2019;GGAL/MAR19;Futuro;Futuro;0;134.65;131.83;135.5;135.5;15300;;15,300;135.5;169;91;90;201903;mar-19;GGAL;s/e;Pesos;ACC;FI
2019;27/02/2019;GGAL/MAR19;Futuro;Futuro;0;134.2;128;134.2;129.9;26400;;26,400;129.9;276;91;90;201903;mar-19;GGAL;s/e;Pesos;ACC;FI
2019;28/02/2019;GGAL/MAR19;Futuro;Futuro;0;127.78;122.84;127.78;124.6;20000;;20,000;124.975;277;91;90;201903;mar-19;GGAL;s/e;Pesos;ACC;FI
2019;01/03/2019;GGAL/MAR19;Futuro;Futuro;0;126.6;119.61;126.6;121.75;34100;;34,100;121.75;258;91;90;201903;mar-19;GGAL;s/e;Pesos;ACC;FI
2019;06/03/2019;GGAL/MAR19;Futuro;Futuro;0;117.37;111.43;118.33;113;68000;;68,000;113;448;91;90;201903;mar-19;GGAL;s/e;Pesos;ACC;FI
2019;07/03/2019;GGAL/MAR19;Futuro;Futuro;0;110.37;108.07;116;111.5;105500;;105,500;111.81;415;91;90;201903;mar-19;GGAL;s/e;Pesos;ACC;FI
2019;08/03/2019;GGAL/MAR19;Futuro;Futuro;0;112.98;111.43;117.62;112.41;33600;;33,600;112.41;391;91;90;201903;mar-19;GGAL;s/e;Pesos;ACC;FI
2019;11/03/2019;GGAL/MAR19;Futuro;Futuro;0;115.38;114.23;116.6;115.75;17400;;17,400;114.61;401;91;90;201903;mar-19;GGAL;s/e;Pesos;ACC;FI
2019;12/03/2019;GGAL/MAR19;Futuro;Futuro;0;118.45;113.27;119.19;113.67;37900;;37,900;113.67;277;91;90;201903;mar-19;GGAL;s/e;Pesos;ACC;FI
2019;13/03/2019;GGAL/MAR19;Futuro;Futuro;0;115.3;115.3;117.14;116.16;11700;;11,700;116.16;287;91;90;201903;mar-19;GGAL;s/e;Pesos;ACC;FI
2019;14/03/2019;GGAL/MAR19;Futuro;Futuro;0;115.01;112.14;115.01;113.48;9900;;9,900;113.48;295;91;90;201903;mar-19;GGAL;s/e;Pesos;ACC;FI
2019;15/03/2019;GGAL/MAR19;Futuro;Futuro;0;114.78;114.38;117.54;116.23;12800;;12,800;116.04;319;91;90;201903;mar-19;GGAL;s/e;Pesos;ACC;FI
2019;18/03/2019;GGAL/MAR19;Futuro;Futuro;0;115.82;115.82;119.62;119.06;19000;;19,000;118.57;263;91;90;201903;mar-19;GGAL;s/e;Pesos;ACC;FI
2019;19/03/2019;GGAL/MAR19;Futuro;Futuro;0;120.99;117.25;123.44;117.25;32200;;32,200;117.25;275;91;90;201903;mar-19;GGAL;s/e;Pesos;ACC;FI
2019;20/03/2019;GGAL/MAR19;Futuro;Futuro;0;120.48;115.51;120.48;117.78;34900;;34,900;117.78;275;91;90;201903;mar-19;GGAL;s/e;Pesos;ACC;FI
2019;20/03/2019;GGAL/JUN19;Futuro;Futuro;0;136.56;136.5;136.8;136.5;1500;;1,500;136.5;10;91;90;201906;jun-19;GGAL;s/e;Pesos;ACC;FI
2019;21/03/2019;GGAL/MAR19;Futuro;Futuro;0;118.99;114.69;119.05;115.47;18900;;18,900;115.47;266;91;90;201903;mar-19;GGAL;s/e;Pesos;ACC;FI
2019;21/03/2019;GGAL/JUN19;Futuro;Futuro;0;0;0;0;0;0;;0;129.85;10;91;90;201906;jun-19;GGAL;s/e;Pesos;ACC;FI
2019;22/03/2019;GGAL/MAR19;Futuro;Futuro;0;114.5;108.9;114.5;109.4;31100;;31,100;109.4;265;91;90;201903;mar-19;GGAL;s/e;Pesos;ACC;FI
2019;22/03/2019;GGAL/JUN19;Futuro;Futuro;0;125.9;125.6;125.9;125.6;1000;;1,000;125.6;20;91;90;201906;jun-19;GGAL;s/e;Pesos;ACC;FI
2019;25/03/2019;GGAL/MAR19;Futuro;Futuro;0;109.4;109.4;114;112.5;20600;;20,600;113.65;227;91;90;201903;mar-19;GGAL;s/e;Pesos;ACC;FI
2019;25/03/2019;GGAL/JUN19;Futuro;Futuro;0;0;0;0;0;0;;0;129.85;20;91;90;201906;jun-19;GGAL;s/e;Pesos;ACC;FI
2019;26/03/2019;GGAL/MAR19;Futuro;Futuro;0;113.52;107.32;113.67;108.7;6900;;6,900;108.7;235;91;90;201903;mar-19;GGAL;s/e;Pesos;ACC;FI
2019;26/03/2019;GGAL/JUN19;Futuro;Futuro;0;120.18;120.18;120.18;120.18;500;;500;120.18;25;91;90;201906;jun-19;GGAL;s/e;Pesos;ACC;FI
2019;27/03/2019;GGAL/MAR19;Futuro;Futuro;0;105.61;104.03;106.11;106.11;15000;;15,000;106.11;122;91;90;201903;mar-19;GGAL;s/e;Pesos;ACC;FI
2019;27/03/2019;GGAL/JUN19;Futuro;Futuro;0;0;0;0;0;0;;0;117.9;25;91;90;201906;jun-19;GGAL;s/e;Pesos;ACC;FI
2019;28/03/2019;GGAL/MAR19;Futuro;Futuro;0;106.68;105.25;108.63;108.63;4000;;4,000;108.63;125;91;90;201903;mar-19;GGAL;s/e;Pesos;ACC;FI
2019;28/03/2019;GGAL/JUN19;Futuro;Futuro;0;0;0;0;0;0;;0;120.42;25;91;90;201906;jun-19;GGAL;s/e;Pesos;ACC;FI
2019;29/03/2019;GGAL/MAR19;Futuro;Futuro;0;110.2;109.65;110.45;110.45;2700;;2,700;110.71;0;91;90;201903;mar-19;GGAL;s/e;Pesos;ACC;FI
2019;29/03/2019;GGAL/JUN19;Futuro;Futuro;0;0;0;0;0;0;;0;120.42;25;91;90;201906;jun-19;GGAL;s/e;Pesos;ACC;FI
2019;01/04/2019;GGAL/JUN19;Futuro;Futuro;0;123.26;120.31;123.26;120.98;11700;;11,700;119.96;45;91;90;201906;jun-19;GGAL;s/e;Pesos;ACC;FI
2019;03/04/2019;GGAL/JUN19;Futuro;Futuro;0;118.23;116.05;118.23;117.18;25500;;25,500;117.18;128;91;90;201906;jun-19;GGAL;s/e;Pesos;ACC;FI
2019;04/04/2019;GGAL/JUN19;Futuro;Futuro;0;117.84;117.07;119.95;119.4;18900;;18,900;119.4;134;91;90;201906;jun-19;GGAL;s/e;Pesos;ACC;FI
2019;05/04/2019;GGAL/JUN19;Futuro;Futuro;0;121.11;121.05;124.77;121.54;20000;;20,000;122.3;152;91;90;201906;jun-19;GGAL;s/e;Pesos;ACC;FI
2019;05/04/2019;GGAL/SEP19;Futuro;Futuro;0;130;129;135;134;4000;;4,000;134;0;91;90;201909;sep-19;GGAL;s/e;Pesos;ACC;FI
2019;08/04/2019;GGAL/JUN19;Futuro;Futuro;0;122.38;121.2;122.5;121.53;16500;;16,500;121.53;159;91;90;201906;jun-19;GGAL;s/e;Pesos;ACC;FI
2019;08/04/2019;GGAL/SEP19;Futuro;Futuro;0;0;0;0;0;0;;0;133.73;0;91;90;201909;sep-19;GGAL;s/e;Pesos;ACC;FI
2019;09/04/2019;GGAL/JUN19;Futuro;Futuro;0;121.9;115.99;122;118.14;27500;;27,500;118.14;268;91;90;201906;jun-19;GGAL;s/e;Pesos;ACC;FI
2019;09/04/2019;GGAL/SEP19;Futuro;Futuro;0;0;0;0;0;0;;0;130.34;0;91;90;201909;sep-19;GGAL;s/e;Pesos;ACC;FI
2019;10/04/2019;GGAL/JUN19;Futuro;Futuro;0;119.79;119.48;122.22;119.48;20000;;20,000;119.48;295;91;90;201906;jun-19;GGAL;s/e;Pesos;ACC;FI
2019;10/04/2019;GGAL/SEP19;Futuro;Futuro;0;0;0;0;0;0;;0;132.19;0;91;90;201909;sep-19;GGAL;s/e;Pesos;ACC;FI
2019;11/04/2019;GGAL/JUN19;Futuro;Futuro;0;118.27;115.3;118.49;116.6;18500;;18,500;116.6;314;91;90;201906;jun-19;GGAL;s/e;Pesos;ACC;FI
2019;11/04/2019;GGAL/SEP19;Futuro;Futuro;0;0;0;0;0;0;;0;129.11;0;91;90;201909;sep-19;GGAL;s/e;Pesos;ACC;FI
2019;12/04/2019;GGAL/JUN19;Futuro;Futuro;0;116.06;116.06;119.73;118.9;18300;;18,300;118.9;365;91;90;201906;jun-19;GGAL;s/e;Pesos;ACC;FI
2019;12/04/2019;GGAL/SEP19;Futuro;Futuro;0;0;0;0;0;0;;0;131.5;0;91;90;201909;sep-19;GGAL;s/e;Pesos;ACC;FI
2019;15/04/2019;GGAL/JUN19;Futuro;Futuro;0;117;117;121.5;121.5;21600;;21,600;121.5;442;91;90;201906;jun-19;GGAL;s/e;Pesos;ACC;FI
2019;15/04/2019;GGAL/SEP19;Futuro;Futuro;0;0;0;0;0;0;;0;132;0;91;90;201909;sep-19;GGAL;s/e;Pesos;ACC;FI
2019;16/04/2019;GGAL/JUN19;Futuro;Futuro;0;123.53;118;123.53;118.01;23800;;23,800;118.03;350;91;90;201906;jun-19;GGAL;s/e;Pesos;ACC;FI
2019;16/04/2019;GGAL/SEP19;Futuro;Futuro;0;0;0;0;0;0;;0;128.61;0;91;90;201909;sep-19;GGAL;s/e;Pesos;ACC;FI
2019;17/04/2019;GGAL/JUN19;Futuro;Futuro;0;115;115;121.47;119.03;14100;;14,100;119.03;341;91;90;201906;jun-19;GGAL;s/e;Pesos;ACC;FI
2019;17/04/2019;GGAL/SEP19;Futuro;Futuro;0;0;0;0;0;0;;0;129.99;0;91;90;201909;sep-19;GGAL;s/e;Pesos;ACC;FI
2019;22/04/2019;GGAL/JUN19;Futuro;Futuro;0;114.5;113.19;114.61;114.28;30200;;30,200;114.25;461;91;90;201906;jun-19;GGAL;s/e;Pesos;ACC;FI
2019;22/04/2019;GGAL/SEP19;Futuro;Futuro;0;133;127;133;127;1000;;1,000;127;0;91;90;201909;sep-19;GGAL;s/e;Pesos;ACC;FI
2019;23/04/2019;GGAL/JUN19;Futuro;Futuro;0;113.5;112.98;116.5;113.88;14700;;14,700;113.88;467;91;90;201906;jun-19;GGAL;s/e;Pesos;ACC;FI
2019;23/04/2019;GGAL/SEP19;Futuro;Futuro;0;0;0;0;0;0;;0;126.56;0;91;90;201909;sep-19;GGAL;s/e;Pesos;ACC;FI
2019;24/04/2019;GGAL/JUN19;Futuro;Futuro;0;110.48;107;111.66;107;43000;;43,000;107;517;91;90;201906;jun-19;GGAL;s/e;Pesos;ACC;FI
2019;24/04/2019;GGAL/SEP19;Futuro;Futuro;0;0;0;0;0;0;;0;119.56;0;91;90;201909;sep-19;GGAL;s/e;Pesos;ACC;FI
2019;25/04/2019;GGAL/JUN19;Futuro;Futuro;0;102.17;100.71;109.71;106.5;43400;;43,400;106.5;595;91;90;201906;jun-19;GGAL;s/e;Pesos;ACC;FI
2019;25/04/2019;GGAL/SEP19;Futuro;Futuro;0;0;0;0;0;0;;0;119;0;91;90;201909;sep-19;GGAL;s/e;Pesos;ACC;FI
2019;26/04/2019;GGAL/JUN19;Futuro;Futuro;0;105.59;102.54;106.5;105.22;14000;;14,000;105.22;577;91;90;201906;jun-19;GGAL;s/e;Pesos;ACC;FI
2019;26/04/2019;GGAL/SEP19;Futuro;Futuro;0;0;0;0;0;0;;0;117.72;0;91;90;201909;sep-19;GGAL;s/e;Pesos;ACC;FI
2019;29/04/2019;GGAL/JUN19;Futuro;Futuro;0;104.2;103.45;105.87;103.77;23000;;23,000;103.77;618;91;90;201906;jun-19;GGAL;s/e;Pesos;ACC;FI
2019;29/04/2019;GGAL/SEP19;Futuro;Futuro;0;0;0;0;0;0;;0;116.27;0;91;90;201909;sep-19;GGAL;s/e;Pesos;ACC;FI
2019;30/04/2019;GGAL/JUN19;Futuro;Futuro;0;102.58;101.29;106.19;105.8;22100;;22,100;105.8;637;91;90;201906;jun-19;GGAL;s/e;Pesos;ACC;FI
2019;30/04/2019;GGAL/SEP19;Futuro;Futuro;0;0;0;0;0;0;;0;118.5;0;91;90;201909;sep-19;GGAL;s/e;Pesos;ACC;FI
2019;02/05/2019;GGAL/JUN19;Futuro;Futuro;0;109;107.92;110.51;110.51;22600;;22,600;110.51;569;91;90;201906;jun-19;GGAL;s/e;Pesos;ACC;FI
2019;02/05/2019;GGAL/SEP19;Futuro;Futuro;0;0;0;0;0;0;;0;123.2;0;91;90;201909;sep-19;GGAL;s/e;Pesos;ACC;FI
2019;03/05/2019;GGAL/JUN19;Futuro;Futuro;0;111.5;111.5;116.83;115.5;25700;;25,700;115.5;543;91;90;201906;jun-19;GGAL;s/e;Pesos;ACC;FI
2019;03/05/2019;GGAL/SEP19;Futuro;Futuro;0;0;0;0;0;0;;0;123.7;0;91;90;201909;sep-19;GGAL;s/e;Pesos;ACC;FI
2019;06/05/2019;GGAL/JUN19;Futuro;Futuro;0;115.8;115.8;118.71;118;20700;;20,700;118;587;91;90;201906;jun-19;GGAL;s/e;Pesos;ACC;FI
2019;06/05/2019;GGAL/SEP19;Futuro;Futuro;0;0;0;0;0;0;;0;134.8;0;91;90;201909;sep-19;GGAL;s/e;Pesos;ACC;FI
2019;07/05/2019;GGAL/JUN19;Futuro;Futuro;0;114;113.4;115.02;113.9;12900;;12,900;113.9;576;91;90;201906;jun-19;GGAL;s/e;Pesos;ACC;FI
2019;07/05/2019;GGAL/SEP19;Futuro;Futuro;0;0;0;0;0;0;;0;130.7;0;91;90;201909;sep-19;GGAL;s/e;Pesos;ACC;FI
2019;08/05/2019;GGAL/JUN19;Futuro;Futuro;0;117.37;117.18;121.15;120;13900;;13,900;119.79;547;91;90;201906;jun-19;GGAL;s/e;Pesos;ACC;FI
2019;08/05/2019;GGAL/SEP19;Futuro;Futuro;0;0;0;0;0;0;;0;136.4;0;91;90;201909;sep-19;GGAL;s/e;Pesos;ACC;FI
2019;09/05/2019;GGAL/JUN19;Futuro;Futuro;0;117.5;117.5;123;121.95;10900;;10,900;121.95;548;91;90;201906;jun-19;GGAL;s/e;Pesos;ACC;FI
2019;09/05/2019;GGAL/SEP19;Futuro;Futuro;0;0;0;0;0;0;;0;138.82;0;91;90;201909;sep-19;GGAL;s/e;Pesos;ACC;FI
2019;10/05/2019;GGAL/JUN19;Futuro;Futuro;0;124.49;116.48;124.51;119.8;33600;;33,600;119.8;559;91;90;201906;jun-19;GGAL;s/e;Pesos;ACC;FI
2019;10/05/2019;GGAL/SEP19;Futuro;Futuro;0;0;0;0;0;0;;0;136.72;0;91;90;201909;sep-19;GGAL;s/e;Pesos;ACC;FI
2019;13/05/2019;GGAL/JUN19;Futuro;Futuro;0;115;113.19;115.68;114.01;21300;;21,300;114.01;575;91;90;201906;jun-19;GGAL;s/e;Pesos;ACC;FI
2019;13/05/2019;GGAL/SEP19;Futuro;Futuro;0;0;0;0;0;0;;0;130.93;0;91;90;201909;sep-19;GGAL;s/e;Pesos;ACC;FI
2019;14/05/2019;GGAL/JUN19;Futuro;Futuro;0;115.01;113.5;118.12;113.5;18600;;18,600;113.5;574;91;90;201906;jun-19;GGAL;s/e;Pesos;ACC;FI
2019;14/05/2019;GGAL/SEP19;Futuro;Futuro;0;0;0;0;0;0;;0;130.4;0;91;90;201909;sep-19;GGAL;s/e;Pesos;ACC;FI
2019;15/05/2019;GGAL/JUN19;Futuro;Futuro;0;114;114;118.43;118.38;17600;;17,600;118.38;564;91;90;201906;jun-19;GGAL;s/e;Pesos;ACC;FI
2019;15/05/2019;GGAL/SEP19;Futuro;Futuro;0;0;0;0;0;0;;0;135.28;0;91;90;201909;sep-19;GGAL;s/e;Pesos;ACC;FI
2019;16/05/2019;GGAL/JUN19;Futuro;Futuro;0;118.28;118.28;123;122;33000;;33,000;122;592;91;90;201906;jun-19;GGAL;s/e;Pesos;ACC;FI
2019;16/05/2019;GGAL/SEP19;Futuro;Futuro;0;0;0;0;0;0;;0;138.9;0;91;90;201909;sep-19;GGAL;s/e;Pesos;ACC;FI
2019;17/05/2019;GGAL/JUN19;Futuro;Futuro;0;121.83;118.6;121.95;119.67;29000;;29,000;119.67;728;91;90;201906;jun-19;GGAL;s/e;Pesos;ACC;FI
2019;17/05/2019;GGAL/SEP19;Futuro;Futuro;0;0;0;0;0;0;;0;136.57;0;91;90;201909;sep-19;GGAL;s/e;Pesos;ACC;FI
2019;20/05/2019;GGAL/JUN19;Futuro;Futuro;0;116.15;113;119.61;119.45;20200;;20,200;119.45;753;91;90;201906;jun-19;GGAL;s/e;Pesos;ACC;FI
2019;20/05/2019;GGAL/SEP19;Futuro;Futuro;0;0;0;0;0;0;;0;136.35;0;91;90;201909;sep-19;GGAL;s/e;Pesos;ACC;FI
2019;21/05/2019;GGAL/JUN19;Futuro;Futuro;0;124;122.12;124;122.94;16600;;16,600;122.94;651;91;90;201906;jun-19;GGAL;s/e;Pesos;ACC;FI
2019;21/05/2019;GGAL/SEP19;Futuro;Futuro;0;0;0;0;0;0;;0;139.36;0;91;90;201909;sep-19;GGAL;s/e;Pesos;ACC;FI
2019;22/05/2019;GGAL/JUN19;Futuro;Futuro;0;123.5;122.19;124.68;124.4;29000;;29,000;124.4;745;91;90;201906;jun-19;GGAL;s/e;Pesos;ACC;FI
2019;22/05/2019;GGAL/SEP19;Futuro;Futuro;0;0;0;0;0;0;;0;140.5;0;91;90;201909;sep-19;GGAL;s/e;Pesos;ACC;FI
2019;23/05/2019;GGAL/JUN19;Futuro;Futuro;0;124.26;122.19;124.72;123.5;23500;;23,500;123.5;817;91;90;201906;jun-19;GGAL;s/e;Pesos;ACC;FI
2019;23/05/2019;GGAL/SEP19;Futuro;Futuro;0;0;0;0;0;0;;0;138.97;0;91;90;201909;sep-19;GGAL;s/e;Pesos;ACC;FI
2019;24/05/2019;GGAL/JUN19;Futuro;Futuro;0;123.5;122.77;126;125.94;16600;;16,600;125.94;877;91;90;201906;jun-19;GGAL;s/e;Pesos;ACC;FI
2019;24/05/2019;GGAL/SEP19;Futuro;Futuro;0;0;0;0;0;0;;0;141.4;0;91;90;201909;sep-19;GGAL;s/e;Pesos;ACC;FI
2019;27/05/2019;GGAL/JUN19;Futuro;Futuro;0;125.65;125.5;126.85;126.85;4000;;4,000;126.85;880;91;90;201906;jun-19;GGAL;s/e;Pesos;ACC;FI
2019;27/05/2019;GGAL/SEP19;Futuro;Futuro;0;0;0;0;0;0;;0;141.23;0;91;90;201909;sep-19;GGAL;s/e;Pesos;ACC;FI
2019;28/05/2019;GGAL/JUN19;Futuro;Futuro;0;126.85;120;127;121.01;36600;;36,600;121.03;993;91;90;201906;jun-19;GGAL;s/e;Pesos;ACC;FI
2019;28/05/2019;GGAL/SEP19;Futuro;Futuro;0;0;0;0;0;0;;0;135.41;0;91;90;201909;sep-19;GGAL;s/e;Pesos;ACC;FI
2019;29/05/2019;GGAL/JUN19;Futuro;Futuro;0;117.95;117.76;121;120;20100;;20,100;120;1001;91;90;201906;jun-19;GGAL;s/e;Pesos;ACC;FI
2019;29/05/2019;GGAL/SEP19;Futuro;Futuro;0;0;0;0;0;0;;0;134.38;0;91;90;201909;sep-19;GGAL;s/e;Pesos;ACC;FI
2019;30/05/2019;GGAL/JUN19;Futuro;Futuro;0;122.71;119.68;124.1;122.21;18900;;18,900;122.21;965;91;90;201906;jun-19;GGAL;s/e;Pesos;ACC;FI
2019;30/05/2019;GGAL/SEP19;Futuro;Futuro;0;0;0;0;0;0;;0;136.415;0;91;90;201909;sep-19;GGAL;s/e;Pesos;ACC;FI
2019;31/05/2019;GGAL/JUN19;Futuro;Futuro;0;121.33;118.7;123.3;119;11100;;11,100;119;962;91;90;201906;jun-19;GGAL;s/e;Pesos;ACC;FI
2019;31/05/2019;GGAL/SEP19;Futuro;Futuro;0;0;0;0;0;0;;0;133.2;0;91;90;201909;sep-19;GGAL;s/e;Pesos;ACC;FI
2019;03/06/2019;GGAL/JUN19;Futuro;Futuro;0;120.11;115.17;120.11;116.5;63000;;63,000;116.4;1088;91;90;201906;jun-19;GGAL;s/e;Pesos;ACC;FI
2019;03/06/2019;GGAL/SEP19;Futuro;Futuro;0;0;0;0;0;0;;0;130.6;0;91;90;201909;sep-19;GGAL;s/e;Pesos;ACC;FI
2019;04/06/2019;GGAL/JUN19;Futuro;Futuro;0;118.97;117.42;121.7;121.7;29700;;29,700;121.7;1019;91;90;201906;jun-19;GGAL;s/e;Pesos;ACC;FI
2019;04/06/2019;GGAL/SEP19;Futuro;Futuro;0;0;0;0;0;0;;0;135.6;0;91;90;201909;sep-19;GGAL;s/e;Pesos;ACC;FI
2019;05/06/2019;GGAL/JUN19;Futuro;Futuro;0;122.99;122.31;125.28;124.49;27000;;27,000;124.67;896;91;90;201906;jun-19;GGAL;s/e;Pesos;ACC;FI
2019;05/06/2019;GGAL/SEP19;Futuro;Futuro;0;0;0;0;0;0;;0;138.57;0;91;90;201909;sep-19;GGAL;s/e;Pesos;ACC;FI
2019;06/06/2019;GGAL/JUN19;Futuro;Futuro;0;124.01;123.75;126.58;125.52;39600;;39,600;125.52;641;91;90;201906;jun-19;GGAL;s/e;Pesos;ACC;FI
2019;06/06/2019;GGAL/SEP19;Futuro;Futuro;0;0;0;0;0;0;;0;145.52;0;91;90;201909;sep-19;GGAL;s/e;Pesos;ACC;FI
2019;07/06/2019;GGAL/JUN19;Futuro;Futuro;0;126;124.35;127.67;124.5;40600;;40,600;124.5;462;91;90;201906;jun-19;GGAL;s/e;Pesos;ACC;FI
2019;07/06/2019;GGAL/SEP19;Futuro;Futuro;0;0;0;0;0;0;;0;139.85;0;91;90;201909;sep-19;GGAL;s/e;Pesos;ACC;FI
2019;10/06/2019;GGAL/JUN19;Futuro;Futuro;0;125.45;125.4;129.98;128.9;36400;;36,400;128.9;447;91;90;201906;jun-19;GGAL;s/e;Pesos;ACC;FI
2019;10/06/2019;GGAL/SEP19;Futuro;Futuro;0;0;0;0;0;0;;0;143.85;0;91;90;201909;sep-19;GGAL;s/e;Pesos;ACC;FI
2019;11/06/2019;GGAL/JUN19;Futuro;Futuro;0;129.5;129.5;136.4;136.4;72100;;72,100;136.4;412;91;90;201906;jun-19;GGAL;s/e;Pesos;ACC;FI
2019;11/06/2019;GGAL/SEP19;Futuro;Futuro;0;0;0;0;0;0;;0;151.85;0;91;90;201909;sep-19;GGAL;s/e;Pesos;ACC;FI
2019;12/06/2019;GGAL/JUN19;Futuro;Futuro;0;135.01;135.01;150;150;53000;;53,000;150;454;91;90;201906;jun-19;GGAL;s/e;Pesos;ACC;FI
2019;12/06/2019;GGAL/SEP19;Futuro;Futuro;0;0;0;0;0;0;;0;163.26;0;91;90;201909;sep-19;GGAL;s/e;Pesos;ACC;FI
2019;13/06/2019;GGAL/JUN19;Futuro;Futuro;0;145.02;145.02;152.41;151;26900;;26,900;151;455;91;90;201906;jun-19;GGAL;s/e;Pesos;ACC;FI
2019;13/06/2019;GGAL/SEP19;Futuro;Futuro;0;167.31;167.31;167.31;167.31;500;;500;167.31;5;91;90;201909;sep-19;GGAL;s/e;Pesos;ACC;FI
2019;14/06/2019;GGAL/JUN19;Futuro;Futuro;0;150.5;148.13;150.75;148.85;21300;;21,300;148.85;400;91;90;201906;jun-19;GGAL;s/e;Pesos;ACC;FI
2019;14/06/2019;GGAL/SEP19;Futuro;Futuro;0;0;0;0;0;0;;0;165.39;5;91;90;201909;sep-19;GGAL;s/e;Pesos;ACC;FI
2019;18/06/2019;GGAL/JUN19;Futuro;Futuro;0;150;148;151;148.85;9100;;9,100;148.85;418;91;90;201906;jun-19;GGAL;s/e;Pesos;ACC;FI
2019;18/06/2019;GGAL/SEP19;Futuro;Futuro;0;0;0;0;0;0;;0;166.19;5;91;90;201909;sep-19;GGAL;s/e;Pesos;ACC;FI
2019;19/06/2019;GGAL/JUN19;Futuro;Futuro;0;147.8;142.29;147.8;144.72;6000;;6,000;147.24;417;91;90;201906;jun-19;GGAL;s/e;Pesos;ACC;FI
2019;19/06/2019;GGAL/SEP19;Futuro;Futuro;0;165.35;165.35;165.35;165.35;100;;100;164.58;5;91;90;201909;sep-19;GGAL;s/e;Pesos;ACC;FI
2019;21/06/2019;GGAL/JUN19;Futuro;Futuro;0;147.06;146.82;149.46;146.98;27500;;27,500;147.1;294;91;90;201906;jun-19;GGAL;s/e;Pesos;ACC;FI
2019;21/06/2019;GGAL/SEP19;Futuro;Futuro;0;160.8;158.6;169.8;158.94;1500;;1,500;165;5;91;90;201909;sep-19;GGAL;s/e;Pesos;ACC;FI
2019;24/06/2019;GGAL/JUN19;Futuro;Futuro;0;145.89;143.72;147.3;144.03;8100;;8,100;144.03;280;91;90;201906;jun-19;GGAL;s/e;Pesos;ACC;FI
2019;24/06/2019;GGAL/SEP19;Futuro;Futuro;0;0;0;0;0;0;;0;161.975;5;91;90;201909;sep-19;GGAL;s/e;Pesos;ACC;FI
2019;25/06/2019;GGAL/JUN19;Futuro;Futuro;0;144.82;144.42;148.18;148.18;17200;;17,200;148.18;279;91;90;201906;jun-19;GGAL;s/e;Pesos;ACC;FI
2019;25/06/2019;GGAL/SEP19;Futuro;Futuro;0;166.9;164.5;166.9;164.5;1300;;1,300;166.9;15;91;90;201909;sep-19;GGAL;s/e;Pesos;ACC;FI
2019;26/06/2019;GGAL/JUN19;Futuro;Futuro;0;148.5;142.24;148.84;143.98;16700;;16,700;143.98;296;91;90;201906;jun-19;GGAL;s/e;Pesos;ACC;FI
2019;26/06/2019;GGAL/SEP19;Futuro;Futuro;0;163;162.2;163;162.2;200;;200;162.66;15;91;90;201909;sep-19;GGAL;s/e;Pesos;ACC;FI
2019;27/06/2019;GGAL/JUN19;Futuro;Futuro;0;143.13;143.13;147.75;146.04;22000;;22,000;146.04;280;91;90;201906;jun-19;GGAL;s/e;Pesos;ACC;FI
2019;27/06/2019;GGAL/SEP19;Futuro;Futuro;0;164.35;164.35;166;166;1000;;1,000;166;14;91;90;201909;sep-19;GGAL;s/e;Pesos;ACC;FI
2019;28/06/2019;GGAL/JUN19;Futuro;Futuro;0;149;149;150.12;150.12;4800;;4,800;151.54;0;91;90;201906;jun-19;GGAL;s/e;Pesos;ACC;FI
2019;28/06/2019;GGAL/SEP19;Futuro;Futuro;0;0;0;0;0;0;;0;169.38;14;91;90;201909;sep-19;GGAL;s/e;Pesos;ACC;FI
2018;01/02/2018;GGAL/MAR18;Futuro;Futuro;0;138;137.35;138.5;138.5;6000;0;6,000;138.5;15;91;90;201803;mar-18;GGAL;s/e;Pesos;ACC;FI
2018;01/02/2018;GGAL/JUN18;Futuro;Futuro;0;147;147;147.5;147.5;5500;0;5,500;147.5;5;91;90;201806;jun-18;GGAL;s/e;Pesos;ACC;FI
2018;01/03/2018;GGAL/MAR18;Futuro;Futuro;0;128;128;128.2;128.2;5500;0;5,500;128.2;32;91;90;201803;mar-18;GGAL;s/e;Pesos;ACC;FI
2018;01/03/2018;GGAL/JUN18;Futuro;Futuro;0;137;137;137.2;137.2;5500;0;5,500;137.2;0;91;90;201806;jun-18;GGAL;s/e;Pesos;ACC;FI
2018;01/06/2018;GGAL/JUN18;Futuro;Futuro;0;110.8;108.75;110.8;109.9;8000;0;8,000;109.9;59;91;90;201806;jun-18;GGAL;s/e;Pesos;ACC;FI
2018;01/06/2018;GGAL/SEP18;Futuro;Futuro;0;0;0;0;0;0;0;0;122.6;5;91;90;201809;sep-18;GGAL;s/e;Pesos;ACC;FI
2018;01/08/2018;GGAL/SEP18;Futuro;Futuro;0;107.25;106.65;107.25;106.9;2300;0;2,300;106.9;43;91;90;201809;sep-18;GGAL;s/e;Pesos;ACC;FI
2018;01/08/2018;GGAL/DIC18;Futuro;Futuro;0;0;0;0;0;0;0;0;118.3;0;91;90;201812;dic-18;GGAL;s/e;Pesos;ACC;FI
2018;01/10/2018;GGAL/DIC18;Futuro;Futuro;0;119.55;119;123.8;119.35;17100;0;17,100;121.86;60;91;90;201812;dic-18;GGAL;s/e;Pesos;ACC;FI
2018;01/11/2018;GGAL/DIC18;Futuro;Futuro;0;94.5;94.5;103;103;70400;0;70,400;103;399;91;90;201812;dic-18;GGAL;s/e;Pesos;ACC;FI
2018;02/01/2018;GGAL/MAR18;Futuro;Futuro;0;0;0;0;0;0;0;0;127.6;0;91;90;201803;mar-18;GGAL;s/e;Pesos;ACC;FI
2018;02/02/2018;GGAL/MAR18;Futuro;Futuro;0;131.65;130;131.65;130;6100;0;6,100;130;16;91;90;201803;mar-18;GGAL;s/e;Pesos;ACC;FI
2018;02/02/2018;GGAL/JUN18;Futuro;Futuro;0;139.5;139;139.5;139;5500;0;5,500;139;0;91;90;201806;jun-18;GGAL;s/e;Pesos;ACC;FI
2018;02/03/2018;GGAL/MAR18;Futuro;Futuro;0;126.05;124.9;126.05;124.9;6200;0;6,200;125;32;91;90;201803;mar-18;GGAL;s/e;Pesos;ACC;FI
2018;02/03/2018;GGAL/JUN18;Futuro;Futuro;0;134;133.9;134;133.9;6000;0;6,000;134;0;91;90;201806;jun-18;GGAL;s/e;Pesos;ACC;FI
2018;02/05/2018;GGAL/JUN18;Futuro;Futuro;0;130.9;128;130.9;128.29;12000;0;12,000;128.29;5;91;90;201806;jun-18;GGAL;s/e;Pesos;ACC;FI
2018;02/07/2018;GGAL/SEP18;Futuro;Futuro;0;100.55;100.55;104.77;103.7;11200;0;11,200;103.7;5;91;90;201809;sep-18;GGAL;s/e;Pesos;ACC;FI
2018;02/08/2018;GGAL/SEP18;Futuro;Futuro;0;109.51;108.5;109.51;108.5;11100;0;11,100;108.5;34;91;90;201809;sep-18;GGAL;s/e;Pesos;ACC;FI
2018;02/08/2018;GGAL/DIC18;Futuro;Futuro;0;121.6;121.5;121.6;121.5;10000;0;10,000;121.5;0;91;90;201812;dic-18;GGAL;s/e;Pesos;ACC;FI
2018;02/10/2018;GGAL/DIC18;Futuro;Futuro;0;121.88;120.18;123.79;121.85;8200;0;8,200;122.52;60;91;90;201812;dic-18;GGAL;s/e;Pesos;ACC;FI
2018;02/11/2018;GGAL/DIC18;Futuro;Futuro;0;104.9;102.46;105.7;103.45;27400;0;27,400;103.45;354;91;90;201812;dic-18;GGAL;s/e;Pesos;ACC;FI
2018;03/01/2018;GGAL/MAR18;Futuro;Futuro;0;127.5;127.5;127.5;127.5;2000;0;2,000;127.5;20;91;90;201803;mar-18;GGAL;s/e;Pesos;ACC;FI
2018;03/01/2018;GGAL/JUN18;Futuro;Futuro;0;135.5;135.5;135.5;135.5;2000;0;2,000;135.5;20;91;90;201806;jun-18;GGAL;s/e;Pesos;ACC;FI
2018;03/04/2018;GGAL/JUN18;Futuro;Futuro;0;142;142;142;142;4000;0;4,000;142;0;91;90;201806;jun-18;GGAL;s/e;Pesos;ACC;FI
2018;03/05/2018;GGAL/JUN18;Futuro;Futuro;0;125.8;125.8;127.45;126.67;13000;0;13,000;126.67;5;91;90;201806;jun-18;GGAL;s/e;Pesos;ACC;FI
2018;03/07/2018;GGAL/SEP18;Futuro;Futuro;0;111.4;109.93;111.4;109.93;1000;0;1,000;109.93;10;91;90;201809;sep-18;GGAL;s/e;Pesos;ACC;FI
2018;03/08/2018;GGAL/SEP18;Futuro;Futuro;0;110.35;110.1;110.35;110.2;10400;0;10,400;110.2;38;91;90;201809;sep-18;GGAL;s/e;Pesos;ACC;FI
2018;03/08/2018;GGAL/DIC18;Futuro;Futuro;0;123.1;123.1;123.2;123.2;10000;0;10,000;123.2;0;91;90;201812;dic-18;GGAL;s/e;Pesos;ACC;FI
2018;03/09/2018;GGAL/SEP18;Futuro;Futuro;0;88.07;86.74;91.3;90.3;19700;0;19,700;90.3;49;91;90;201809;sep-18;GGAL;s/e;Pesos;ACC;FI
2018;03/09/2018;GGAL/DIC18;Futuro;Futuro;0;0;0;0;0;0;0;0;98.55;26;91;90;201812;dic-18;GGAL;s/e;Pesos;ACC;FI
2018;03/10/2018;GGAL/DIC18;Futuro;Futuro;0;125.55;116;125.55;116;15000;0;15,000;118.43;60;91;90;201812;dic-18;GGAL;s/e;Pesos;ACC;FI
2018;03/12/2018;GGAL/DIC18;Futuro;Futuro;0;110.95;106.75;111.05;107.05;33900;0;33,900;107.3;781;91;90;201812;dic-18;GGAL;s/e;Pesos;ACC;FI
2018;03/12/2018;GGAL/MAR19;Futuro;Futuro;0;0;0;0;0;0;0;0;118;20;91;90;201903;mar-19;GGAL;s/e;Pesos;ACC;FI
2018;04/01/2018;GGAL/MAR18;Futuro;Futuro;0;131;131;134;134;2500;0;2,500;134;5;91;90;201803;mar-18;GGAL;s/e;Pesos;ACC;FI
2018;04/01/2018;GGAL/JUN18;Futuro;Futuro;0;139;139;139;139;2000;0;2,000;139;0;91;90;201806;jun-18;GGAL;s/e;Pesos;ACC;FI
2018;04/04/2018;GGAL/JUN18;Futuro;Futuro;0;141.2;141.2;141.2;141.2;4000;0;4,000;141.2;0;91;90;201806;jun-18;GGAL;s/e;Pesos;ACC;FI
2018;04/05/2018;GGAL/JUN18;Futuro;Futuro;0;127;120.5;127;120.5;6400;0;6,400;120.5;29;91;90;201806;jun-18;GGAL;s/e;Pesos;ACC;FI
2018;04/06/2018;GGAL/JUN18;Futuro;Futuro;0;115.15;115.15;117.2;117.2;5000;0;5,000;117.2;59;91;90;201806;jun-18;GGAL;s/e;Pesos;ACC;FI
2018;04/06/2018;GGAL/SEP18;Futuro;Futuro;0;0;0;0;0;0;0;0;130;5;91;90;201809;sep-18;GGAL;s/e;Pesos;ACC;FI
2018;04/07/2018;GGAL/SEP18;Futuro;Futuro;0;110.95;110.28;110.95;110.39;3000;0;3,000;110.39;10;91;90;201809;sep-18;GGAL;s/e;Pesos;ACC;FI
2018;04/09/2018;GGAL/SEP18;Futuro;Futuro;0;79.55;79.55;82.45;80.25;9000;0;9,000;80.25;68;91;90;201809;sep-18;GGAL;s/e;Pesos;ACC;FI
2018;04/09/2018;GGAL/DIC18;Futuro;Futuro;0;0;0;0;0;0;0;0;90.5;26;91;90;201812;dic-18;GGAL;s/e;Pesos;ACC;FI
2018;04/10/2018;GGAL/DIC18;Futuro;Futuro;0;115.08;108.41;115.36;108.41;16000;0;16,000;112.4;105;91;90;201812;dic-18;GGAL;s/e;Pesos;ACC;FI
2018;04/12/2018;GGAL/DIC18;Futuro;Futuro;0;107.55;105.82;108.03;106.5;31500;0;31,500;106.5;766;91;90;201812;dic-18;GGAL;s/e;Pesos;ACC;FI
2018;04/12/2018;GGAL/MAR19;Futuro;Futuro;0;120;120;120;120;500;0;500;120;25;91;90;201903;mar-19;GGAL;s/e;Pesos;ACC;FI
2018;05/01/2018;GGAL/MAR18;Futuro;Futuro;0;133.4;131.7;133.4;131.7;1700;0;1,700;131.7;22;91;90;201803;mar-18;GGAL;s/e;Pesos;ACC;FI
2018;05/01/2018;GGAL/JUN18;Futuro;Futuro;0;0;0;0;0;0;0;0;137.4;0;91;90;201806;jun-18;GGAL;s/e;Pesos;ACC;FI
2018;05/02/2018;GGAL/MAR18;Futuro;Futuro;0;126.5;125.5;126.5;125.5;6100;0;6,100;126.5;22;91;90;201803;mar-18;GGAL;s/e;Pesos;ACC;FI
2018;05/02/2018;GGAL/JUN18;Futuro;Futuro;0;135.5;135;135.5;135;5500;0;5,500;135;5;91;90;201806;jun-18;GGAL;s/e;Pesos;ACC;FI
2018;05/03/2018;GGAL/MAR18;Futuro;Futuro;0;126.8;126.8;126.9;126.9;9500;0;9,500;126.9;37;91;90;201803;mar-18;GGAL;s/e;Pesos;ACC;FI
2018;05/03/2018;GGAL/JUN18;Futuro;Futuro;0;135.8;135.8;135.9;135.9;9500;0;9,500;135.9;5;91;90;201806;jun-18;GGAL;s/e;Pesos;ACC;FI
2018;05/04/2018;GGAL/JUN18;Futuro;Futuro;0;0;0;0;0;0;0;0;141.2;0;91;90;201806;jun-18;GGAL;s/e;Pesos;ACC;FI
2018;05/06/2018;GGAL/JUN18;Futuro;Futuro;0;121.55;121.55;123.7;123.7;5500;0;5,500;123.7;64;91;90;201806;jun-18;GGAL;s/e;Pesos;ACC;FI
2018;05/06/2018;GGAL/SEP18;Futuro;Futuro;0;0;0;0;0;0;0;0;136.7;5;91;90;201809;sep-18;GGAL;s/e;Pesos;ACC;FI
2018;05/07/2018;GGAL/SEP18;Futuro;Futuro;0;110.56;107.5;113.5;113.5;13000;0;13,000;113.5;10;91;90;201809;sep-18;GGAL;s/e;Pesos;ACC;FI
2018;05/09/2018;GGAL/SEP18;Futuro;Futuro;0;81;81;87.69;85.8;6100;0;6,100;85.8;69;91;90;201809;sep-18;GGAL;s/e;Pesos;ACC;FI
2018;05/09/2018;GGAL/DIC18;Futuro;Futuro;0;0;0;0;0;0;0;0;96;26;91;90;201812;dic-18;GGAL;s/e;Pesos;ACC;FI
2018;05/10/2018;GGAL/DIC18;Futuro;Futuro;0;110;105.1;110;105.1;9400;0;9,400;105.1;133;91;90;201812;dic-18;GGAL;s/e;Pesos;ACC;FI
2018;05/11/2018;GGAL/DIC18;Futuro;Futuro;0;102.75;101.65;105.07;104.5;40200;0;40,200;104.5;418;91;90;201812;dic-18;GGAL;s/e;Pesos;ACC;FI
2018;05/12/2018;GGAL/DIC18;Futuro;Futuro;0;105.5;104.95;105.5;105.12;5300;0;5,300;105.12;781;91;90;201812;dic-18;GGAL;s/e;Pesos;ACC;FI
2018;05/12/2018;GGAL/MAR19;Futuro;Futuro;0;0;0;0;0;0;0;0;118.62;25;91;90;201903;mar-19;GGAL;s/e;Pesos;ACC;FI
2018;06/02/2018;GGAL/MAR18;Futuro;Futuro;0;131.8;129.5;131.95;131.95;7000;0;7,000;131.95;22;91;90;201803;mar-18;GGAL;s/e;Pesos;ACC;FI
2018;06/02/2018;GGAL/JUN18;Futuro;Futuro;0;138.5;138.5;139;139;5500;0;5,500;139;0;91;90;201806;jun-18;GGAL;s/e;Pesos;ACC;FI
2018;06/03/2018;GGAL/MAR18;Futuro;Futuro;0;129.5;129.5;130;130;9500;0;9,500;130;32;91;90;201803;mar-18;GGAL;s/e;Pesos;ACC;FI
2018;06/03/2018;GGAL/JUN18;Futuro;Futuro;0;138.5;138.5;139;139;9500;0;9,500;139;0;91;90;201806;jun-18;GGAL;s/e;Pesos;ACC;FI
2018;06/04/2018;GGAL/JUN18;Futuro;Futuro;0;142;141.9;142;141.9;20000;0;20,000;141.9;0;91;90;201806;jun-18;GGAL;s/e;Pesos;ACC;FI
2018;06/06/2018;GGAL/JUN18;Futuro;Futuro;0;123.3;122;123.3;122;5400;0;5,400;122;64;91;90;201806;jun-18;GGAL;s/e;Pesos;ACC;FI
2018;06/06/2018;GGAL/SEP18;Futuro;Futuro;0;134;134;134;134;4000;0;4,000;134;5;91;90;201809;sep-18;GGAL;s/e;Pesos;ACC;FI
2018;06/07/2018;GGAL/SEP18;Futuro;Futuro;0;114.26;112;114.26;112.26;13000;0;13,000;112.26;10;91;90;201809;sep-18;GGAL;s/e;Pesos;ACC;FI
2018;06/08/2018;GGAL/SEP18;Futuro;Futuro;0;110.95;108.85;110.95;108.85;3100;0;3,100;108.85;39;91;90;201809;sep-18;GGAL;s/e;Pesos;ACC;FI
2018;06/08/2018;GGAL/DIC18;Futuro;Futuro;0;0;0;0;0;0;0;0;121.85;0;91;90;201812;dic-18;GGAL;s/e;Pesos;ACC;FI
2018;06/09/2018;GGAL/SEP18;Futuro;Futuro;0;94.7;93.34;96.31;96.25;10700;0;10,700;96.25;66;91;90;201809;sep-18;GGAL;s/e;Pesos;ACC;FI
2018;06/09/2018;GGAL/DIC18;Futuro;Futuro;0;0;0;0;0;0;0;0;103.49;26;91;90;201812;dic-18;GGAL;s/e;Pesos;ACC;FI
2018;06/11/2018;GGAL/DIC18;Futuro;Futuro;0;103.9;102.25;106.1;102.55;41400;0;41,400;102.55;502;91;90;201812;dic-18;GGAL;s/e;Pesos;ACC;FI
2018;06/12/2018;GGAL/DIC18;Futuro;Futuro;0;103.5;103.5;108.5;108.43;39200;0;39,200;108.27;765;91;90;201812;dic-18;GGAL;s/e;Pesos;ACC;FI
2018;06/12/2018;GGAL/MAR19;Futuro;Futuro;0;0;0;0;0;0;0;0;121.77;25;91;90;201903;mar-19;GGAL;s/e;Pesos;ACC;FI
2018;07/02/2018;GGAL/MAR18;Futuro;Futuro;0;129;129;130;130;5500;0;5,500;130;27;91;90;201803;mar-18;GGAL;s/e;Pesos;ACC;FI
2018;07/02/2018;GGAL/JUN18;Futuro;Futuro;0;138;138;139;139;5500;0;5,500;139;5;91;90;201806;jun-18;GGAL;s/e;Pesos;ACC;FI
2018;07/03/2018;GGAL/MAR18;Futuro;Futuro;0;127;127;127.5;127.5;9500;0;9,500;127.5;37;91;90;201803;mar-18;GGAL;s/e;Pesos;ACC;FI
2018;07/03/2018;GGAL/JUN18;Futuro;Futuro;0;136;136;136.5;136.5;9500;0;9,500;136.5;5;91;90;201806;jun-18;GGAL;s/e;Pesos;ACC;FI
2018;07/05/2018;GGAL/JUN18;Futuro;Futuro;0;121.02;115.25;121.02;115.4;5000;0;5,000;115.4;29;91;90;201806;jun-18;GGAL;s/e;Pesos;ACC;FI
2018;07/05/2018;GGAL/SEP18;Futuro;Futuro;0;126.75;126.75;126.75;126.75;1000;0;1,000;126.75;0;91;90;201809;sep-18;GGAL;s/e;Pesos;ACC;FI
2018;07/06/2018;GGAL/JUN18;Futuro;Futuro;0;119.3;119.3;122.8;122.5;5000;0;5,000;122.5;64;91;90;201806;jun-18;GGAL;s/e;Pesos;ACC;FI
2018;07/06/2018;GGAL/SEP18;Futuro;Futuro;0;131.3;131.3;134.5;134.5;4000;0;4,000;131.3;5;91;90;201809;sep-18;GGAL;s/e;Pesos;ACC;FI
2018;07/08/2018;GGAL/SEP18;Futuro;Futuro;0;104.45;102.46;105.55;103.1;16900;0;16,900;103.1;48;91;90;201809;sep-18;GGAL;s/e;Pesos;ACC;FI
2018;07/08/2018;GGAL/DIC18;Futuro;Futuro;0;116.2;116.1;116.2;116.1;10000;0;10,000;116.2;0;91;90;201812;dic-18;GGAL;s/e;Pesos;ACC;FI
2018;07/09/2018;GGAL/SEP18;Futuro;Futuro;0;93.73;90.95;95;91;8500;0;8,500;91;71;91;90;201809;sep-18;GGAL;s/e;Pesos;ACC;FI
2018;07/09/2018;GGAL/DIC18;Futuro;Futuro;0;0;0;0;0;0;0;0;103.49;26;91;90;201812;dic-18;GGAL;s/e;Pesos;ACC;FI
2018;07/11/2018;GGAL/DIC18;Futuro;Futuro;0;103.95;102.84;105.2;104.94;21500;0;21,500;104.94;537;91;90;201812;dic-18;GGAL;s/e;Pesos;ACC;FI
2018;07/12/2018;GGAL/DIC18;Futuro;Futuro;0;108.9;106.98;109.55;107.8;42600;0;42,600;107.8;827;91;90;201812;dic-18;GGAL;s/e;Pesos;ACC;FI
2018;07/12/2018;GGAL/MAR19;Futuro;Futuro;0;0;0;0;0;0;0;0;121.3;25;91;90;201903;mar-19;GGAL;s/e;Pesos;ACC;FI
2018;08/01/2018;GGAL/MAR18;Futuro;Futuro;0;0;0;0;0;0;0;0;130;22;91;90;201803;mar-18;GGAL;s/e;Pesos;ACC;FI
2018;08/01/2018;GGAL/JUN18;Futuro;Futuro;0;0;0;0;0;0;0;0;137;0;91;90;201806;jun-18;GGAL;s/e;Pesos;ACC;FI
2018;08/02/2018;GGAL/MAR18;Futuro;Futuro;0;126.7;126.7;127.5;127.5;1000;0;1,000;127.5;27;91;90;201803;mar-18;GGAL;s/e;Pesos;ACC;FI
2018;08/02/2018;GGAL/JUN18;Futuro;Futuro;0;136.5;136.5;136.5;136.5;500;0;500;136.5;0;91;90;201806;jun-18;GGAL;s/e;Pesos;ACC;FI
2018;08/03/2018;GGAL/MAR18;Futuro;Futuro;0;127;126.5;127;126.5;9500;0;9,500;126.5;32;91;90;201803;mar-18;GGAL;s/e;Pesos;ACC;FI
2018;08/03/2018;GGAL/JUN18;Futuro;Futuro;0;136;135.5;136;135.5;9500;0;9,500;135.5;0;91;90;201806;jun-18;GGAL;s/e;Pesos;ACC;FI
2018;08/05/2018;GGAL/JUN18;Futuro;Futuro;0;111.8;111.8;113.8;111.9;8000;0;8,000;110.25;29;91;90;201806;jun-18;GGAL;s/e;Pesos;ACC;FI
2018;08/05/2018;GGAL/SEP18;Futuro;Futuro;0;0;0;0;0;0;0;0;117;0;91;90;201809;sep-18;GGAL;s/e;Pesos;ACC;FI
2018;08/06/2018;GGAL/JUN18;Futuro;Futuro;0;128.86;128.86;130.5;130.5;4600;0;4,600;130.5;58;91;90;201806;jun-18;GGAL;s/e;Pesos;ACC;FI
2018;08/06/2018;GGAL/SEP18;Futuro;Futuro;0;142.1;142.1;142.5;142.5;4000;0;4,000;142.5;5;91;90;201809;sep-18;GGAL;s/e;Pesos;ACC;FI
2018;08/08/2018;GGAL/SEP18;Futuro;Futuro;0;99.95;99.25;101.05;99.25;2100;0;2,100;99.2;57;91;90;201809;sep-18;GGAL;s/e;Pesos;ACC;FI
2018;08/08/2018;GGAL/DIC18;Futuro;Futuro;0;0;0;0;0;0;0;0;112.25;0;91;90;201812;dic-18;GGAL;s/e;Pesos;ACC;FI
2018;08/10/2018;GGAL/DIC18;Futuro;Futuro;0;103.45;102.47;106.66;105.95;14700;0;14,700;105.98;143;91;90;201812;dic-18;GGAL;s/e;Pesos;ACC;FI
2018;08/11/2018;GGAL/DIC18;Futuro;Futuro;0;103.95;102;105.25;102.3;26100;0;26,100;102.3;534;91;90;201812;dic-18;GGAL;s/e;Pesos;ACC;FI
2018;09/01/2018;GGAL/MAR18;Futuro;Futuro;0;130;129.2;131;131;5700;0;5,700;131;22;91;90;201803;mar-18;GGAL;s/e;Pesos;ACC;FI
2018;09/01/2018;GGAL/JUN18;Futuro;Futuro;0;138.05;138.05;139;139;2000;0;2,000;139;0;91;90;201806;jun-18;GGAL;s/e;Pesos;ACC;FI
2018;09/02/2018;GGAL/MAR18;Futuro;Futuro;0;122.5;121;122.5;121;6000;0;6,000;121;27;91;90;201803;mar-18;GGAL;s/e;Pesos;ACC;FI
2018;09/02/2018;GGAL/JUN18;Futuro;Futuro;0;131.5;130;131.5;130;6000;0;6,000;130;0;91;90;201806;jun-18;GGAL;s/e;Pesos;ACC;FI
2018;09/03/2018;GGAL/MAR18;Futuro;Futuro;0;0;0;0;0;0;0;0;131;32;91;90;201803;mar-18;GGAL;s/e;Pesos;ACC;FI
2018;09/03/2018;GGAL/JUN18;Futuro;Futuro;0;0;0;0;0;0;0;0;140;0;91;90;201806;jun-18;GGAL;s/e;Pesos;ACC;FI
2018;09/04/2018;GGAL/JUN18;Futuro;Futuro;0;0;0;0;0;0;0;0;141;0;91;90;201806;jun-18;GGAL;s/e;Pesos;ACC;FI
2018;09/05/2018;GGAL/JUN18;Futuro;Futuro;0;120.4;119.6;120.4;119.6;3000;0;3,000;119.65;29;91;90;201806;jun-18;GGAL;s/e;Pesos;ACC;FI
2018;09/05/2018;GGAL/SEP18;Futuro;Futuro;0;0;0;0;0;0;0;0;127;0;91;90;201809;sep-18;GGAL;s/e;Pesos;ACC;FI
2018;09/08/2018;GGAL/SEP18;Futuro;Futuro;0;101.55;100.25;102.4;102.34;4000;0;4,000;102.3;42;91;90;201809;sep-18;GGAL;s/e;Pesos;ACC;FI
2018;09/08/2018;GGAL/DIC18;Futuro;Futuro;0;0;0;0;0;0;0;0;115.2;0;91;90;201812;dic-18;GGAL;s/e;Pesos;ACC;FI
2018;09/10/2018;GGAL/DIC18;Futuro;Futuro;0;102.55;97.74;103.3;100.38;22600;0;22,600;100.52;175;91;90;201812;dic-18;GGAL;s/e;Pesos;ACC;FI
2018;09/11/2018;GGAL/DIC18;Futuro;Futuro;0;100.2;97.15;101.3;98.99;46100;0;46,100;98.99;592;91;90;201812;dic-18;GGAL;s/e;Pesos;ACC;FI
2018;10/01/2018;GGAL/MAR18;Futuro;Futuro;0;0;0;0;0;0;0;0;132;22;91;90;201803;mar-18;GGAL;s/e;Pesos;ACC;FI
2018;10/01/2018;GGAL/JUN18;Futuro;Futuro;0;0;0;0;0;0;0;0;140;0;91;90;201806;jun-18;GGAL;s/e;Pesos;ACC;FI
2018;10/04/2018;GGAL/JUN18;Futuro;Futuro;0;144;142.65;144;142.65;20500;0;20,500;142.65;5;91;90;201806;jun-18;GGAL;s/e;Pesos;ACC;FI
2018;10/05/2018;GGAL/JUN18;Futuro;Futuro;0;123.7;123.7;126.5;126.5;15000;0;15,000;126.5;29;91;90;201806;jun-18;GGAL;s/e;Pesos;ACC;FI
2018;10/05/2018;GGAL/SEP18;Futuro;Futuro;0;133;133;133;133;4000;0;4,000;133;0;91;90;201809;sep-18;GGAL;s/e;Pesos;ACC;FI
2018;10/07/2018;GGAL/SEP18;Futuro;Futuro;0;111.73;109.07;112.18;110.01;7000;0;7,000;110.1;10;91;90;201809;sep-18;GGAL;s/e;Pesos;ACC;FI
2018;10/08/2018;GGAL/SEP18;Futuro;Futuro;0;100.55;98.42;100.55;99.8;1200;0;1,200;99.8;53;91;90;201809;sep-18;GGAL;s/e;Pesos;ACC;FI
2018;10/08/2018;GGAL/DIC18;Futuro;Futuro;0;0;0;0;0;0;0;0;112.8;0;91;90;201812;dic-18;GGAL;s/e;Pesos;ACC;FI
2018;10/09/2018;GGAL/SEP18;Futuro;Futuro;0;89.4;88.21;95;88.21;9000;0;9,000;88.21;86;91;90;201809;sep-18;GGAL;s/e;Pesos;ACC;FI
2018;10/09/2018;GGAL/DIC18;Futuro;Futuro;0;0;0;0;0;0;0;0;101.99;26;91;90;201812;dic-18;GGAL;s/e;Pesos;ACC;FI
2018;10/10/2018;GGAL/DIC18;Futuro;Futuro;0;99.55;95.1;99.55;95.1;23900;0;23,900;95.1;191;91;90;201812;dic-18;GGAL;s/e;Pesos;ACC;FI
2018;10/12/2018;GGAL/DIC18;Futuro;Futuro;0;106.2;104;108.4;104;32600;0;32,600;104;842;91;90;201812;dic-18;GGAL;s/e;Pesos;ACC;FI
2018;10/12/2018;GGAL/MAR19;Futuro;Futuro;0;0;0;0;0;0;0;0;117.5;25;91;90;201903;mar-19;GGAL;s/e;Pesos;ACC;FI
2018;11/01/2018;GGAL/MAR18;Futuro;Futuro;0;133;133;133;133;1000;0;1,000;133;25;91;90;201803;mar-18;GGAL;s/e;Pesos;ACC;FI
2018;11/01/2018;GGAL/JUN18;Futuro;Futuro;0;141;141;141;141;1000;0;1,000;141;10;91;90;201806;jun-18;GGAL;s/e;Pesos;ACC;FI
2018;11/04/2018;GGAL/JUN18;Futuro;Futuro;0;142.45;142;142.45;142;20000;0;20,000;142;5;91;90;201806;jun-18;GGAL;s/e;Pesos;ACC;FI
2018;11/05/2018;GGAL/JUN18;Futuro;Futuro;0;123.94;121.48;125.01;121.7;6300;0;6,300;121.7;32;91;90;201806;jun-18;GGAL;s/e;Pesos;ACC;FI
2018;11/05/2018;GGAL/SEP18;Futuro;Futuro;0;0;0;0;0;0;0;0;128.2;0;91;90;201809;sep-18;GGAL;s/e;Pesos;ACC;FI
2018;11/06/2018;GGAL/JUN18;Futuro;Futuro;0;132.15;130.3;132.15;131;6000;0;6,000;131;58;91;90;201806;jun-18;GGAL;s/e;Pesos;ACC;FI
2018;11/06/2018;GGAL/SEP18;Futuro;Futuro;0;142.8;142.8;143;143;4000;0;4,000;143;5;91;90;201809;sep-18;GGAL;s/e;Pesos;ACC;FI
2018;11/07/2018;GGAL/SEP18;Futuro;Futuro;0;111.05;111.05;111.05;111.05;10000;0;10,000;111.05;10;91;90;201809;sep-18;GGAL;s/e;Pesos;ACC;FI
2018;11/09/2018;GGAL/SEP18;Futuro;Futuro;0;83.9;83.9;87.3;86.8;15100;0;15,100;86.8;119;91;90;201809;sep-18;GGAL;s/e;Pesos;ACC;FI
2018;11/09/2018;GGAL/DIC18;Futuro;Futuro;0;0;0;0;0;0;0;0;98.8;26;91;90;201812;dic-18;GGAL;s/e;Pesos;ACC;FI
2018;11/10/2018;GGAL/DIC18;Futuro;Futuro;0;91.05;88.5;94.8;91;43000;0;43,000;92.57;226;91;90;201812;dic-18;GGAL;s/e;Pesos;ACC;FI
2018;11/12/2018;GGAL/DIC18;Futuro;Futuro;0;106.85;106.2;108.9;108.25;44800;0;44,800;108.25;767;91;90;201812;dic-18;GGAL;s/e;Pesos;ACC;FI
2018;11/12/2018;GGAL/MAR19;Futuro;Futuro;0;0;0;0;0;0;0;0;121.75;25;91;90;201903;mar-19;GGAL;s/e;Pesos;ACC;FI
2018;12/01/2018;GGAL/MAR18;Futuro;Futuro;0;133.5;133.5;135;135;1600;0;1,600;135;17;91;90;201803;mar-18;GGAL;s/e;Pesos;ACC;FI
2018;12/01/2018;GGAL/JUN18;Futuro;Futuro;0;143;143;143;143;1000;0;1,000;143;0;91;90;201806;jun-18;GGAL;s/e;Pesos;ACC;FI
2018;12/03/2018;GGAL/MAR18;Futuro;Futuro;0;135.75;135.75;137.5;137.2;10800;0;10,800;137.2;27;91;90;201803;mar-18;GGAL;s/e;Pesos;ACC;FI
2018;12/03/2018;GGAL/JUN18;Futuro;Futuro;0;146.5;146.2;146.5;146.2;9500;0;9,500;146.2;5;91;90;201806;jun-18;GGAL;s/e;Pesos;ACC;FI
2018;12/04/2018;GGAL/JUN18;Futuro;Futuro;0;142.5;142.5;142.5;142.5;10000;0;10,000;142.5;5;91;90;201806;jun-18;GGAL;s/e;Pesos;ACC;FI
2018;12/06/2018;GGAL/JUN18;Futuro;Futuro;0;128.96;124;128.96;124;5000;0;5,000;124;58;91;90;201806;jun-18;GGAL;s/e;Pesos;ACC;FI
2018;12/06/2018;GGAL/SEP18;Futuro;Futuro;0;138;136;138;136;4000;0;4,000;136;5;91;90;201809;sep-18;GGAL;s/e;Pesos;ACC;FI
2018;12/07/2018;GGAL/SEP18;Futuro;Futuro;0;112.25;108.1;112.76;108.1;13000;0;13,000;109;10;91;90;201809;sep-18;GGAL;s/e;Pesos;ACC;FI
2018;12/09/2018;GGAL/SEP18;Futuro;Futuro;0;88.25;86.55;88.43;88;8800;0;8,800;88;137;91;90;201809;sep-18;GGAL;s/e;Pesos;ACC;FI
2018;12/09/2018;GGAL/DIC18;Futuro;Futuro;0;0;0;0;0;0;0;0;100;26;91;90;201812;dic-18;GGAL;s/e;Pesos;ACC;FI
2018;12/10/2018;GGAL/DIC18;Futuro;Futuro;0;95.75;95.75;103.93;103.35;33800;0;33,800;99.95;210;91;90;201812;dic-18;GGAL;s/e;Pesos;ACC;FI
2018;12/11/2018;GGAL/DIC18;Futuro;Futuro;0;95.63;93.9;96;95.8;25400;0;25,400;95.8;719;91;90;201812;dic-18;GGAL;s/e;Pesos;ACC;FI
2018;12/12/2018;GGAL/DIC18;Futuro;Futuro;0;110.75;108.69;111.15;108.71;29100;0;29,100;108.71;791;91;90;201812;dic-18;GGAL;s/e;Pesos;ACC;FI
2018;12/12/2018;GGAL/MAR19;Futuro;Futuro;0;0;0;0;0;0;0;0;122.19;25;91;90;201903;mar-19;GGAL;s/e;Pesos;ACC;FI
2018;13/03/2018;GGAL/MAR18;Futuro;Futuro;0;134.2;134;134.2;134;9500;0;9,500;134;22;91;90;201803;mar-18;GGAL;s/e;Pesos;ACC;FI
2018;13/03/2018;GGAL/JUN18;Futuro;Futuro;0;143.2;143;143.2;143;9500;0;9,500;143;0;91;90;201806;jun-18;GGAL;s/e;Pesos;ACC;FI
2018;13/04/2018;GGAL/JUN18;Futuro;Futuro;0;141.3;141;141.3;141;20000;0;20,000;141;5;91;90;201806;jun-18;GGAL;s/e;Pesos;ACC;FI
2018;13/06/2018;GGAL/JUN18;Futuro;Futuro;0;119.65;119.65;121.6;121.6;5000;0;5,000;121.6;58;91;90;201806;jun-18;GGAL;s/e;Pesos;ACC;FI
2018;13/06/2018;GGAL/SEP18;Futuro;Futuro;0;133.5;133.5;134.6;134.6;4000;0;4,000;133.5;5;91;90;201809;sep-18;GGAL;s/e;Pesos;ACC;FI
2018;13/07/2018;GGAL/SEP18;Futuro;Futuro;0;105.4;105.4;105.4;105.4;500;0;500;105.6;15;91;90;201809;sep-18;GGAL;s/e;Pesos;ACC;FI
2018;13/08/2018;GGAL/SEP18;Futuro;Futuro;0;96.7;95.14;97.9;96.15;11600;0;11,600;96.15;58;91;90;201809;sep-18;GGAL;s/e;Pesos;ACC;FI
2018;13/08/2018;GGAL/DIC18;Futuro;Futuro;0;0;0;0;0;0;0;0;109.15;0;91;90;201812;dic-18;GGAL;s/e;Pesos;ACC;FI
2018;13/09/2018;GGAL/SEP18;Futuro;Futuro;0;91.95;87.7;91.95;88.09;10400;0;10,400;88.09;107;91;90;201809;sep-18;GGAL;s/e;Pesos;ACC;FI
2018;13/09/2018;GGAL/DIC18;Futuro;Futuro;0;101.5;101.49;101.5;101.49;1500;0;1,500;101.6;36;91;90;201812;dic-18;GGAL;s/e;Pesos;ACC;FI
2018;13/11/2018;GGAL/DIC18;Futuro;Futuro;0;94.86;92.52;96.28;92.52;31800;0;31,800;92.52;710;91;90;201812;dic-18;GGAL;s/e;Pesos;ACC;FI
2018;13/12/2018;GGAL/DIC18;Futuro;Futuro;0;110;107.15;110;107.6;16200;0;16,200;107.6;808;91;90;201812;dic-18;GGAL;s/e;Pesos;ACC;FI
2018;13/12/2018;GGAL/MAR19;Futuro;Futuro;0;0;0;0;0;0;0;0;121;25;91;90;201903;mar-19;GGAL;s/e;Pesos;ACC;FI
2018;14/02/2018;GGAL/MAR18;Futuro;Futuro;0;131.45;131.45;132;132;5500;0;5,500;132;27;91;90;201803;mar-18;GGAL;s/e;Pesos;ACC;FI
2018;14/02/2018;GGAL/JUN18;Futuro;Futuro;0;140.45;140.45;141;141;5500;0;5,500;141;5;91;90;201806;jun-18;GGAL;s/e;Pesos;ACC;FI
2018;14/03/2018;GGAL/MAR18;Futuro;Futuro;0;0;0;0;0;0;0;0;134;22;91;90;201803;mar-18;GGAL;s/e;Pesos;ACC;FI
2018;14/03/2018;GGAL/JUN18;Futuro;Futuro;0;0;0;0;0;0;0;0;143;0;91;90;201806;jun-18;GGAL;s/e;Pesos;ACC;FI
2018;14/05/2018;GGAL/JUN18;Futuro;Futuro;0;116.85;116.85;116.85;116.85;1000;0;1,000;116.85;32;91;90;201806;jun-18;GGAL;s/e;Pesos;ACC;FI
2018;14/05/2018;GGAL/SEP18;Futuro;Futuro;0;0;0;0;0;0;0;0;123.35;0;91;90;201809;sep-18;GGAL;s/e;Pesos;ACC;FI
2018;14/06/2018;GGAL/JUN18;Futuro;Futuro;0;118.24;115.79;118.44;116.2;12000;0;12,000;116.2;68;91;90;201806;jun-18;GGAL;s/e;Pesos;ACC;FI
2018;14/06/2018;GGAL/SEP18;Futuro;Futuro;0;128.4;128.2;128.4;128.2;4000;0;4,000;128.2;5;91;90;201809;sep-18;GGAL;s/e;Pesos;ACC;FI
2018;14/08/2018;GGAL/SEP18;Futuro;Futuro;0;97.95;95.8;97.95;97.15;1700;0;1,700;97.15;65;91;90;201809;sep-18;GGAL;s/e;Pesos;ACC;FI
2018;14/08/2018;GGAL/DIC18;Futuro;Futuro;0;0;0;0;0;0;0;0;110.15;0;91;90;201812;dic-18;GGAL;s/e;Pesos;ACC;FI
2018;14/09/2018;GGAL/SEP18;Futuro;Futuro;0;86.49;86.49;88.6;87.25;7600;0;7,600;87.25;91;91;90;201809;sep-18;GGAL;s/e;Pesos;ACC;FI
2018;14/09/2018;GGAL/DIC18;Futuro;Futuro;0;0;0;0;0;0;0;0;98.155;36;91;90;201812;dic-18;GGAL;s/e;Pesos;ACC;FI
2018;14/11/2018;GGAL/DIC18;Futuro;Futuro;0;93.57;92.65;96.85;95.7;29900;0;29,900;95.7;734;91;90;201812;dic-18;GGAL;s/e;Pesos;ACC;FI
2018;14/12/2018;GGAL/DIC18;Futuro;Futuro;0;106;106;108.25;108.14;17400;0;17,400;107.85;783;91;90;201812;dic-18;GGAL;s/e;Pesos;ACC;FI
2018;14/12/2018;GGAL/MAR19;Futuro;Futuro;0;0;0;0;0;0;0;0;121.25;25;91;90;201903;mar-19;GGAL;s/e;Pesos;ACC;FI
2018;15/01/2018;GGAL/MAR18;Futuro;Futuro;0;140;140;140;140;2000;0;2,000;140;37;91;90;201803;mar-18;GGAL;s/e;Pesos;ACC;FI
2018;15/01/2018;GGAL/JUN18;Futuro;Futuro;0;148;148;148;148;2000;0;2,000;148;20;91;90;201806;jun-18;GGAL;s/e;Pesos;ACC;FI
2018;15/02/2018;GGAL/MAR18;Futuro;Futuro;0;133.5;133.5;136;136;5500;0;5,500;136;27;91;90;201803;mar-18;GGAL;s/e;Pesos;ACC;FI
2018;15/02/2018;GGAL/JUN18;Futuro;Futuro;0;142.5;142.5;145;145;5500;0;5,500;145;0;91;90;201806;jun-18;GGAL;s/e;Pesos;ACC;FI
2018;15/03/2018;GGAL/MAR18;Futuro;Futuro;0;134.5;134.5;134.5;134.5;100;0;100;134.5;22;91;90;201803;mar-18;GGAL;s/e;Pesos;ACC;FI
2018;15/03/2018;GGAL/JUN18;Futuro;Futuro;0;143.5;143.5;143.5;143.5;100;0;100;143.5;1;91;90;201806;jun-18;GGAL;s/e;Pesos;ACC;FI
2018;15/05/2018;GGAL/JUN18;Futuro;Futuro;0;121.65;116;126.1;116;8200;0;8,200;116;32;91;90;201806;jun-18;GGAL;s/e;Pesos;ACC;FI
2018;15/05/2018;GGAL/SEP18;Futuro;Futuro;0;129.75;129.75;129.75;129.75;1000;0;1,000;129.75;0;91;90;201809;sep-18;GGAL;s/e;Pesos;ACC;FI
2018;15/06/2018;GGAL/JUN18;Futuro;Futuro;0;115.33;114.22;116.8;116.8;10000;0;10,000;116.8;68;91;90;201806;jun-18;GGAL;s/e;Pesos;ACC;FI
2018;15/06/2018;GGAL/SEP18;Futuro;Futuro;0;128.4;128.4;128.8;128.8;4000;0;4,000;128.8;5;91;90;201809;sep-18;GGAL;s/e;Pesos;ACC;FI
2018;15/08/2018;GGAL/SEP18;Futuro;Futuro;0;98.15;98.15;103;103;12000;0;12,000;103;90;91;90;201809;sep-18;GGAL;s/e;Pesos;ACC;FI
2018;15/08/2018;GGAL/DIC18;Futuro;Futuro;0;0;0;0;0;0;0;0;114.61;0;91;90;201812;dic-18;GGAL;s/e;Pesos;ACC;FI
2018;15/11/2018;GGAL/DIC18;Futuro;Futuro;0;97.25;96.5;103.4;100.63;35400;0;35,400;100.53;718;91;90;201812;dic-18;GGAL;s/e;Pesos;ACC;FI
2018;16/01/2018;GGAL/MAR18;Futuro;Futuro;0;142;142;142;142;2000;0;2,000;142;17;91;90;201803;mar-18;GGAL;s/e;Pesos;ACC;FI
2018;16/01/2018;GGAL/JUN18;Futuro;Futuro;0;150;150;150;150;2000;0;2,000;150;0;91;90;201806;jun-18;GGAL;s/e;Pesos;ACC;FI
2018;16/02/2018;GGAL/MAR18;Futuro;Futuro;0;139.5;139.5;140;140;6000;0;6,000;140;27;91;90;201803;mar-18;GGAL;s/e;Pesos;ACC;FI
2018;16/02/2018;GGAL/JUN18;Futuro;Futuro;0;148.5;148.5;149;149;6000;0;6,000;149;0;91;90;201806;jun-18;GGAL;s/e;Pesos;ACC;FI
2018;16/03/2018;GGAL/MAR18;Futuro;Futuro;0;135.5;134;135.5;134;10100;0;10,100;134;22;91;90;201803;mar-18;GGAL;s/e;Pesos;ACC;FI
2018;16/03/2018;GGAL/JUN18;Futuro;Futuro;0;145.5;144;146;144;10100;0;10,100;144;0;91;90;201806;jun-18;GGAL;s/e;Pesos;ACC;FI
2018;16/04/2018;GGAL/JUN18;Futuro;Futuro;0;137;135.7;137;135.7;20000;0;20,000;135.7;5;91;90;201806;jun-18;GGAL;s/e;Pesos;ACC;FI
2018;16/05/2018;GGAL/JUN18;Futuro;Futuro;0;117.46;117.46;118.56;117.46;1000;0;1,000;118.56;32;91;90;201806;jun-18;GGAL;s/e;Pesos;ACC;FI
2018;16/05/2018;GGAL/SEP18;Futuro;Futuro;0;0;0;0;0;0;0;0;128;0;91;90;201809;sep-18;GGAL;s/e;Pesos;ACC;FI
2018;16/07/2018;GGAL/SEP18;Futuro;Futuro;0;106.33;101.95;106.33;103.05;4600;0;4,600;103;19;91;90;201809;sep-18;GGAL;s/e;Pesos;ACC;FI
2018;16/08/2018;GGAL/SEP18;Futuro;Futuro;0;100.99;98.3;100.99;99.15;5600;0;5,600;99.15;96;91;90;201809;sep-18;GGAL;s/e;Pesos;ACC;FI
2018;16/08/2018;GGAL/DIC18;Futuro;Futuro;0;0;0;0;0;0;0;0;110.15;0;91;90;201812;dic-18;GGAL;s/e;Pesos;ACC;FI
2018;16/10/2018;GGAL/DIC18;Futuro;Futuro;0;102.85;98.25;102.85;99.3;30800;0;30,800;100.05;294;91;90;201812;dic-18;GGAL;s/e;Pesos;ACC;FI
2018;16/11/2018;GGAL/DIC18;Futuro;Futuro;0;102;101.44;104.6;103.3;53400;0;53,400;103.3;696;91;90;201812;dic-18;GGAL;s/e;Pesos;ACC;FI
2018;17/01/2018;GGAL/MAR18;Futuro;Futuro;0;143;143;143;143;2000;0;2,000;143;36;91;90;201803;mar-18;GGAL;s/e;Pesos;ACC;FI
2018;17/01/2018;GGAL/JUN18;Futuro;Futuro;0;151;151;151;151;2000;0;2,000;151;20;91;90;201806;jun-18;GGAL;s/e;Pesos;ACC;FI
2018;17/04/2018;GGAL/JUN18;Futuro;Futuro;0;141;141;141;141;10000;0;10,000;141;5;91;90;201806;jun-18;GGAL;s/e;Pesos;ACC;FI
2018;17/05/2018;GGAL/JUN18;Futuro;Futuro;0;118.6;118.18;121;121;3600;0;3,600;121.02;43;91;90;201806;jun-18;GGAL;s/e;Pesos;ACC;FI
2018;17/05/2018;GGAL/SEP18;Futuro;Futuro;0;129;129;129;129;4000;0;4,000;129;0;91;90;201809;sep-18;GGAL;s/e;Pesos;ACC;FI
2018;17/07/2018;GGAL/SEP18;Futuro;Futuro;0;102.9;102.9;108.35;107;12600;0;12,600;107;27;91;90;201809;sep-18;GGAL;s/e;Pesos;ACC;FI
2018;17/07/2018;GGAL/DIC18;Futuro;Futuro;0;119;119;119;119;10000;0;10,000;119;0;91;90;201812;dic-18;GGAL;s/e;Pesos;ACC;FI
2018;17/08/2018;GGAL/SEP18;Futuro;Futuro;0;93;92;93.3;92.7;7900;0;7,900;92.7;103;91;90;201809;sep-18;GGAL;s/e;Pesos;ACC;FI
2018;17/08/2018;GGAL/DIC18;Futuro;Futuro;0;103.5;103.5;103.5;103.5;600;0;600;103.5;6;91;90;201812;dic-18;GGAL;s/e;Pesos;ACC;FI
2018;17/09/2018;GGAL/SEP18;Futuro;Futuro;0;91.95;91.95;95.85;95.85;7100;0;7,100;95.5;80;91;90;201809;sep-18;GGAL;s/e;Pesos;ACC;FI
2018;17/09/2018;GGAL/DIC18;Futuro;Futuro;0;104.5;104.5;105;104.5;2500;0;2,500;105;31;91;90;201812;dic-18;GGAL;s/e;Pesos;ACC;FI
2018;17/10/2018;GGAL/DIC18;Futuro;Futuro;0;95.8;95.35;97.7;95.66;23300;0;23,300;95.66;334;91;90;201812;dic-18;GGAL;s/e;Pesos;ACC;FI
2018;17/12/2018;GGAL/DIC18;Futuro;Futuro;0;106.75;99.55;106.75;99.55;43200;0;43,200;99.55;770;91;90;201812;dic-18;GGAL;s/e;Pesos;ACC;FI
2018;17/12/2018;GGAL/MAR19;Futuro;Futuro;0;113.79;113.79;113.79;113.79;500;0;500;113.79;30;91;90;201903;mar-19;GGAL;s/e;Pesos;ACC;FI
2018;18/01/2018;GGAL/MAR18;Futuro;Futuro;0;141.85;141.85;144;144;2300;0;2,300;144;20;91;90;201803;mar-18;GGAL;s/e;Pesos;ACC;FI
2018;18/01/2018;GGAL/JUN18;Futuro;Futuro;0;152;152;152;152;2000;0;2,000;152;0;91;90;201806;jun-18;GGAL;s/e;Pesos;ACC;FI
2018;18/04/2018;GGAL/JUN18;Futuro;Futuro;0;141.7;141.7;141.7;141.7;10000;0;10,000;141.7;5;91;90;201806;jun-18;GGAL;s/e;Pesos;ACC;FI
2018;18/05/2018;GGAL/JUN18;Futuro;Futuro;0;121.08;120.75;121.08;120.78;3000;0;3,000;120.78;43;91;90;201806;jun-18;GGAL;s/e;Pesos;ACC;FI
2018;18/05/2018;GGAL/SEP18;Futuro;Futuro;0;0;0;0;0;0;0;0;128.76;0;91;90;201809;sep-18;GGAL;s/e;Pesos;ACC;FI
2018;18/06/2018;GGAL/JUN18;Futuro;Futuro;0;105.33;105.33;106.15;105.39;7000;0;7,000;105;68;91;90;201806;jun-18;GGAL;s/e;Pesos;ACC;FI
2018;18/06/2018;GGAL/SEP18;Futuro;Futuro;0;0;0;0;0;0;0;0;117;5;91;90;201809;sep-18;GGAL;s/e;Pesos;ACC;FI
2018;18/07/2018;GGAL/SEP18;Futuro;Futuro;0;0;0;0;0;0;0;0;107;27;91;90;201809;sep-18;GGAL;s/e;Pesos;ACC;FI
2018;18/07/2018;GGAL/DIC18;Futuro;Futuro;0;0;0;0;0;0;0;0;119;0;91;90;201812;dic-18;GGAL;s/e;Pesos;ACC;FI
2018;18/09/2018;GGAL/SEP18;Futuro;Futuro;0;94.75;94.75;97.7;97.5;13700;0;13,700;97.5;78;91;90;201809;sep-18;GGAL;s/e;Pesos;ACC;FI
2018;18/09/2018;GGAL/DIC18;Futuro;Futuro;0;107;107;108.5;108.5;10500;0;10,500;108.5;31;91;90;201812;dic-18;GGAL;s/e;Pesos;ACC;FI
2018;18/10/2018;GGAL/DIC18;Futuro;Futuro;0;94.9;93.98;95.6;94.07;20200;0;20,200;94.07;381;91;90;201812;dic-18;GGAL;s/e;Pesos;ACC;FI
2018;18/12/2018;GGAL/DIC18;Futuro;Futuro;0;101.9;100.75;103.98;101.98;23700;0;23,700;101.98;768;91;90;201812;dic-18;GGAL;s/e;Pesos;ACC;FI
2018;18/12/2018;GGAL/MAR19;Futuro;Futuro;0;114;114;114;114;500;0;500;114;25;91;90;201903;mar-19;GGAL;s/e;Pesos;ACC;FI
2018;19/01/2018;GGAL/MAR18;Futuro;Futuro;0;0;0;0;0;0;0;0;143;20;91;90;201803;mar-18;GGAL;s/e;Pesos;ACC;FI
2018;19/01/2018;GGAL/JUN18;Futuro;Futuro;0;0;0;0;0;0;0;0;151;0;91;90;201806;jun-18;GGAL;s/e;Pesos;ACC;FI
2018;19/02/2018;GGAL/MAR18;Futuro;Futuro;0;137.5;137.5;137.8;137.8;5500;0;5,500;137.8;27;91;90;201803;mar-18;GGAL;s/e;Pesos;ACC;FI
2018;19/02/2018;GGAL/JUN18;Futuro;Futuro;0;146.5;146.5;146.8;146.8;5500;0;5,500;146.8;5;91;90;201806;jun-18;GGAL;s/e;Pesos;ACC;FI
2018;19/03/2018;GGAL/MAR18;Futuro;Futuro;0;129;129;129.1;129.1;4500;0;4,500;129.1;27;91;90;201803;mar-18;GGAL;s/e;Pesos;ACC;FI
2018;19/03/2018;GGAL/JUN18;Futuro;Futuro;0;138;138;138.1;138.1;4500;0;4,500;138.1;5;91;90;201806;jun-18;GGAL;s/e;Pesos;ACC;FI
2018;19/04/2018;GGAL/JUN18;Futuro;Futuro;0;140;139;140;139;20000;0;20,000;139;5;91;90;201806;jun-18;GGAL;s/e;Pesos;ACC;FI
2018;19/06/2018;GGAL/JUN18;Futuro;Futuro;0;109.41;107.69;109.6;109.6;10000;0;10,000;109.6;68;91;90;201806;jun-18;GGAL;s/e;Pesos;ACC;FI
2018;19/06/2018;GGAL/SEP18;Futuro;Futuro;0;0;0;0;0;0;0;0;121.6;5;91;90;201809;sep-18;GGAL;s/e;Pesos;ACC;FI
2018;19/07/2018;GGAL/SEP18;Futuro;Futuro;0;106.75;104.9;106.75;104.9;11100;0;11,100;104.9;28;91;90;201809;sep-18;GGAL;s/e;Pesos;ACC;FI
2018;19/07/2018;GGAL/DIC18;Futuro;Futuro;0;117.9;117.9;117.9;117.9;10000;0;10,000;117.9;0;91;90;201812;dic-18;GGAL;s/e;Pesos;ACC;FI
2018;19/09/2018;GGAL/SEP18;Futuro;Futuro;0;98;98;99.37;99.37;4200;0;4,200;100.3;87;91;90;201809;sep-18;GGAL;s/e;Pesos;ACC;FI
2018;19/09/2018;GGAL/DIC18;Futuro;Futuro;0;111;111;111;111;500;0;500;112;31;91;90;201812;dic-18;GGAL;s/e;Pesos;ACC;FI
2018;19/10/2018;GGAL/DIC18;Futuro;Futuro;0;95.77;94.45;95.77;95;3200;0;3,200;95;390;91;90;201812;dic-18;GGAL;s/e;Pesos;ACC;FI
2018;19/12/2018;GGAL/DIC18;Futuro;Futuro;0;102.5;102.4;106.3;104.04;27700;0;27,700;104.04;719;91;90;201812;dic-18;GGAL;s/e;Pesos;ACC;FI
2018;19/12/2018;GGAL/MAR19;Futuro;Futuro;0;0;0;0;0;0;0;0;116.06;25;91;90;201903;mar-19;GGAL;s/e;Pesos;ACC;FI
2018;20/02/2018;GGAL/MAR18;Futuro;Futuro;0;139;138;139;138;6000;0;6,000;138;32;91;90;201803;mar-18;GGAL;s/e;Pesos;ACC;FI
2018;20/02/2018;GGAL/JUN18;Futuro;Futuro;0;148;147;148;147;5500;0;5,500;147;0;91;90;201806;jun-18;GGAL;s/e;Pesos;ACC;FI
2018;20/03/2018;GGAL/MAR18;Futuro;Futuro;0;131;131;131.5;131.5;4500;0;4,500;131.5;22;91;90;201803;mar-18;GGAL;s/e;Pesos;ACC;FI
2018;20/03/2018;GGAL/JUN18;Futuro;Futuro;0;140;140;140.5;140.5;4500;0;4,500;141.5;0;91;90;201806;jun-18;GGAL;s/e;Pesos;ACC;FI
2018;20/04/2018;GGAL/JUN18;Futuro;Futuro;0;138;137.9;138;137.9;20000;0;20,000;137.9;5;91;90;201806;jun-18;GGAL;s/e;Pesos;ACC;FI
2018;20/07/2018;GGAL/SEP18;Futuro;Futuro;0;106.05;106.05;108.59;107.9;12000;0;12,000;107.9;24;91;90;201809;sep-18;GGAL;s/e;Pesos;ACC;FI
2018;20/07/2018;GGAL/DIC18;Futuro;Futuro;0;120.9;120.9;120.9;120.9;10000;0;10,000;120.9;0;91;90;201812;dic-18;GGAL;s/e;Pesos;ACC;FI
2018;20/09/2018;GGAL/SEP18;Futuro;Futuro;0;103.25;102.43;108.17;108;16200;0;16,200;108.07;82;91;90;201809;sep-18;GGAL;s/e;Pesos;ACC;FI
2018;20/09/2018;GGAL/DIC18;Futuro;Futuro;0;0;0;0;0;0;0;0;121.5;31;91;90;201812;dic-18;GGAL;s/e;Pesos;ACC;FI
2018;20/11/2018;GGAL/DIC18;Futuro;Futuro;0;99.75;96.65;100.9;98.36;46000;0;46,000;98.3;752;91;90;201812;dic-18;GGAL;s/e;Pesos;ACC;FI
2018;20/11/2018;GGAL/MAR19;Futuro;Futuro;0;115;115;115;115;500;0;500;110.355;5;91;90;201903;mar-19;GGAL;s/e;Pesos;ACC;FI
2018;20/12/2018;GGAL/DIC18;Futuro;Futuro;0;103.1;101.9;103.7;101.93;18700;0;18,700;101.9;715;91;90;201812;dic-18;GGAL;s/e;Pesos;ACC;FI
2018;20/12/2018;GGAL/MAR19;Futuro;Futuro;0;115;115;115;115;1000;0;1,000;115;35;91;90;201903;mar-19;GGAL;s/e;Pesos;ACC;FI
2018;21/02/2018;GGAL/MAR18;Futuro;Futuro;0;138.2;138;138.2;138;5500;0;5,500;138;37;91;90;201803;mar-18;GGAL;s/e;Pesos;ACC;FI
2018;21/02/2018;GGAL/JUN18;Futuro;Futuro;0;147.2;147;147.2;147;5500;0;5,500;147;5;91;90;201806;jun-18;GGAL;s/e;Pesos;ACC;FI
2018;21/03/2018;GGAL/MAR18;Futuro;Futuro;0;0;0;0;0;0;0;0;133;22;91;90;201803;mar-18;GGAL;s/e;Pesos;ACC;FI
2018;21/03/2018;GGAL/JUN18;Futuro;Futuro;0;0;0;0;0;0;0;0;142;0;91;90;201806;jun-18;GGAL;s/e;Pesos;ACC;FI
2018;21/05/2018;GGAL/JUN18;Futuro;Futuro;0;120;119.5;120;119.5;4000;0;4,000;119.5;43;91;90;201806;jun-18;GGAL;s/e;Pesos;ACC;FI
2018;21/05/2018;GGAL/SEP18;Futuro;Futuro;0;129;128.5;129;128.5;4000;0;4,000;128.5;0;91;90;201809;sep-18;GGAL;s/e;Pesos;ACC;FI
2018;21/06/2018;GGAL/JUN18;Futuro;Futuro;0;116.72;116.72;117.35;116.95;3500;0;3,500;116.95;68;91;90;201806;jun-18;GGAL;s/e;Pesos;ACC;FI
2018;21/06/2018;GGAL/SEP18;Futuro;Futuro;0;0;0;0;0;0;0;0;127.95;5;91;90;201809;sep-18;GGAL;s/e;Pesos;ACC;FI
2018;21/08/2018;GGAL/SEP18;Futuro;Futuro;0;90.15;89.6;90.15;89.6;10500;0;10,500;89.6;103;91;90;201809;sep-18;GGAL;s/e;Pesos;ACC;FI
2018;21/08/2018;GGAL/DIC18;Futuro;Futuro;0;101;100.6;101;100.6;10000;0;10,000;100.4;6;91;90;201812;dic-18;GGAL;s/e;Pesos;ACC;FI
2018;21/09/2018;GGAL/SEP18;Futuro;Futuro;0;105.97;105.84;111.41;111.41;5600;0;5,600;111.41;87;91;90;201809;sep-18;GGAL;s/e;Pesos;ACC;FI
2018;21/09/2018;GGAL/DIC18;Futuro;Futuro;0;0;0;0;0;0;0;0;124;31;91;90;201812;dic-18;GGAL;s/e;Pesos;ACC;FI
2018;21/11/2018;GGAL/DIC18;Futuro;Futuro;0;99.7;98;101.88;99.5;51400;0;51,400;99.5;770;91;90;201812;dic-18;GGAL;s/e;Pesos;ACC;FI
2018;21/11/2018;GGAL/MAR19;Futuro;Futuro;0;0;0;0;0;0;0;0;111.555;5;91;90;201903;mar-19;GGAL;s/e;Pesos;ACC;FI
2018;21/12/2018;GGAL/DIC18;Futuro;Futuro;0;99.25;95.45;100.2;98.25;25300;0;25,300;98.25;717;91;90;201812;dic-18;GGAL;s/e;Pesos;ACC;FI
2018;21/12/2018;GGAL/MAR19;Futuro;Futuro;0;113.25;112.11;113.4;112.11;1500;0;1,500;112.11;45;91;90;201903;mar-19;GGAL;s/e;Pesos;ACC;FI
2018;22/01/2018;GGAL/MAR18;Futuro;Futuro;0;137;137;137;137;100;0;100;137;19;91;90;201803;mar-18;GGAL;s/e;Pesos;ACC;FI
2018;22/01/2018;GGAL/JUN18;Futuro;Futuro;0;0;0;0;0;0;0;0;145;0;91;90;201806;jun-18;GGAL;s/e;Pesos;ACC;FI
2018;22/02/2018;GGAL/MAR18;Futuro;Futuro;0;0;0;0;0;0;0;0;138.2;37;91;90;201803;mar-18;GGAL;s/e;Pesos;ACC;FI
2018;22/02/2018;GGAL/JUN18;Futuro;Futuro;0;0;0;0;0;0;0;0;147.2;5;91;90;201806;jun-18;GGAL;s/e;Pesos;ACC;FI
2018;22/03/2018;GGAL/MAR18;Futuro;Futuro;0;0;0;0;0;0;0;0;133;22;91;90;201803;mar-18;GGAL;s/e;Pesos;ACC;FI
2018;22/03/2018;GGAL/JUN18;Futuro;Futuro;0;0;0;0;0;0;0;0;142;0;91;90;201806;jun-18;GGAL;s/e;Pesos;ACC;FI
2018;22/05/2018;GGAL/JUN18;Futuro;Futuro;0;119.2;116.3;119.2;117;6700;0;6,700;117;60;91;90;201806;jun-18;GGAL;s/e;Pesos;ACC;FI
2018;22/05/2018;GGAL/SEP18;Futuro;Futuro;0;125.5;125;125.5;125;4000;0;4,000;125;0;91;90;201809;sep-18;GGAL;s/e;Pesos;ACC;FI
2018;22/06/2018;GGAL/JUN18;Futuro;Futuro;0;0;0;0;0;0;0;0;111.175;68;91;90;201806;jun-18;GGAL;s/e;Pesos;ACC;FI
2018;22/06/2018;GGAL/SEP18;Futuro;Futuro;0;0;0;0;0;0;0;0;122.45;5;91;90;201809;sep-18;GGAL;s/e;Pesos;ACC;FI
2018;22/08/2018;GGAL/SEP18;Futuro;Futuro;0;90.73;90.47;91.6;91.4;7300;0;7,300;91.4;115;91;90;201809;sep-18;GGAL;s/e;Pesos;ACC;FI
2018;22/08/2018;GGAL/DIC18;Futuro;Futuro;0;102.4;102.4;102.4;102.4;1000;0;1,000;102.4;16;91;90;201812;dic-18;GGAL;s/e;Pesos;ACC;FI
2018;22/10/2018;GGAL/DIC18;Futuro;Futuro;0;93.65;92.75;95.06;94.35;18600;0;18,600;94.35;425;91;90;201812;dic-18;GGAL;s/e;Pesos;ACC;FI
2018;22/11/2018;GGAL/DIC18;Futuro;Futuro;0;99.6;99.35;99.6;99.41;2500;0;2,500;99.41;780;91;90;201812;dic-18;GGAL;s/e;Pesos;ACC;FI
2018;22/11/2018;GGAL/MAR19;Futuro;Futuro;0;0;0;0;0;0;0;0;114.175;5;91;90;201903;mar-19;GGAL;s/e;Pesos;ACC;FI
2018;23/01/2018;GGAL/MAR18;Futuro;Futuro;0;0;0;0;0;0;0;0;137;19;91;90;201803;mar-18;GGAL;s/e;Pesos;ACC;FI
2018;23/01/2018;GGAL/JUN18;Futuro;Futuro;0;0;0;0;0;0;0;0;145;0;91;90;201806;jun-18;GGAL;s/e;Pesos;ACC;FI
2018;23/02/2018;GGAL/MAR18;Futuro;Futuro;0;0;0;0;0;0;0;0;135;37;91;90;201803;mar-18;GGAL;s/e;Pesos;ACC;FI
2018;23/02/2018;GGAL/JUN18;Futuro;Futuro;0;0;0;0;0;0;0;0;144;5;91;90;201806;jun-18;GGAL;s/e;Pesos;ACC;FI
2018;23/03/2018;GGAL/MAR18;Futuro;Futuro;0;0;0;0;0;0;0;0;130.5;22;91;90;201803;mar-18;GGAL;s/e;Pesos;ACC;FI
2018;23/03/2018;GGAL/JUN18;Futuro;Futuro;0;0;0;0;0;0;0;0;139.5;0;91;90;201806;jun-18;GGAL;s/e;Pesos;ACC;FI
2018;23/04/2018;GGAL/JUN18;Futuro;Futuro;0;138.5;138.5;138.5;138.5;10000;0;10,000;138.5;5;91;90;201806;jun-18;GGAL;s/e;Pesos;ACC;FI
2018;23/05/2018;GGAL/JUN18;Futuro;Futuro;0;114.5;113.45;114.88;113.7;10000;0;10,000;113.7;60;91;90;201806;jun-18;GGAL;s/e;Pesos;ACC;FI
2018;23/05/2018;GGAL/SEP18;Futuro;Futuro;0;0;0;0;0;0;0;0;124.7;0;91;90;201809;sep-18;GGAL;s/e;Pesos;ACC;FI
2018;23/07/2018;GGAL/SEP18;Futuro;Futuro;0;105.7;105.7;106;106;10000;0;10,000;106;24;91;90;201809;sep-18;GGAL;s/e;Pesos;ACC;FI
2018;23/07/2018;GGAL/DIC18;Futuro;Futuro;0;118.7;118.7;119;119;10000;0;10,000;119;0;91;90;201812;dic-18;GGAL;s/e;Pesos;ACC;FI
2018;23/08/2018;GGAL/SEP18;Futuro;Futuro;0;91.4;91.39;94.65;91.39;8100;0;8,100;91.39;116;91;90;201809;sep-18;GGAL;s/e;Pesos;ACC;FI
2018;23/08/2018;GGAL/DIC18;Futuro;Futuro;0;0;0;0;0;0;0;0;102.45;16;91;90;201812;dic-18;GGAL;s/e;Pesos;ACC;FI
2018;23/10/2018;GGAL/DIC18;Futuro;Futuro;0;91.1;90.95;93.93;93.25;13800;0;13,800;93.43;460;91;90;201812;dic-18;GGAL;s/e;Pesos;ACC;FI
2018;23/11/2018;GGAL/DIC18;Futuro;Futuro;0;100.29;100.29;106;103.5;29500;0;29,500;103.5;795;91;90;201812;dic-18;GGAL;s/e;Pesos;ACC;FI
2018;23/11/2018;GGAL/MAR19;Futuro;Futuro;0;118.5;118.5;118.5;118.5;500;0;500;118.5;10;91;90;201903;mar-19;GGAL;s/e;Pesos;ACC;FI
2018;24/01/2018;GGAL/MAR18;Futuro;Futuro;0;140.7;140.7;141.45;141.45;1000;0;1,000;141.45;19;91;90;201803;mar-18;GGAL;s/e;Pesos;ACC;FI
2018;24/01/2018;GGAL/JUN18;Futuro;Futuro;0;0;0;0;0;0;0;0;149.45;0;91;90;201806;jun-18;GGAL;s/e;Pesos;ACC;FI
2018;24/04/2018;GGAL/JUN18;Futuro;Futuro;0;138.65;138.65;138.77;138.77;10000;0;10,000;138.77;5;91;90;201806;jun-18;GGAL;s/e;Pesos;ACC;FI
2018;24/05/2018;GGAL/JUN18;Futuro;Futuro;0;115.27;112.6;115.27;112.8;7500;0;7,500;112.8;65;91;90;201806;jun-18;GGAL;s/e;Pesos;ACC;FI
2018;24/05/2018;GGAL/SEP18;Futuro;Futuro;0;120.6;120.6;120.8;120.8;4000;0;4,000;120.8;0;91;90;201809;sep-18;GGAL;s/e;Pesos;ACC;FI
2018;24/07/2018;GGAL/SEP18;Futuro;Futuro;0;107.8;107.75;108.45;107.75;700;0;700;107.6;27;91;90;201809;sep-18;GGAL;s/e;Pesos;ACC;FI
2018;24/07/2018;GGAL/DIC18;Futuro;Futuro;0;0;0;0;0;0;0;0;120.6;0;91;90;201812;dic-18;GGAL;s/e;Pesos;ACC;FI
2018;24/08/2018;GGAL/SEP18;Futuro;Futuro;0;87.95;83.87;87.95;85;8200;0;8,200;85;128;91;90;201809;sep-18;GGAL;s/e;Pesos;ACC;FI
2018;24/08/2018;GGAL/DIC18;Futuro;Futuro;0;100;98;100;98;1000;0;1,000;98;26;91;90;201812;dic-18;GGAL;s/e;Pesos;ACC;FI
2018;24/09/2018;GGAL/SEP18;Futuro;Futuro;0;106.74;105.26;106.91;106.91;2800;0;2,800;106.3;87;91;90;201809;sep-18;GGAL;s/e;Pesos;ACC;FI
2018;24/09/2018;GGAL/DIC18;Futuro;Futuro;0;0;0;0;0;0;0;0;118.24;31;91;90;201812;dic-18;GGAL;s/e;Pesos;ACC;FI
2018;24/10/2018;GGAL/DIC18;Futuro;Futuro;0;93.7;90.45;93.78;92.52;20200;0;20,200;93.1;453;91;90;201812;dic-18;GGAL;s/e;Pesos;ACC;FI
2018;25/01/2018;GGAL/MAR18;Futuro;Futuro;0;138.1;137.35;138.1;137.35;500;0;500;137.35;19;91;90;201803;mar-18;GGAL;s/e;Pesos;ACC;FI
2018;25/01/2018;GGAL/JUN18;Futuro;Futuro;0;0;0;0;0;0;0;0;145.35;0;91;90;201806;jun-18;GGAL;s/e;Pesos;ACC;FI
2018;25/04/2018;GGAL/JUN18;Futuro;Futuro;0;135.83;132.25;136.9;132.25;11500;0;11,500;132.25;5;91;90;201806;jun-18;GGAL;s/e;Pesos;ACC;FI
2018;25/06/2018;GGAL/JUN18;Futuro;Futuro;0;103;103;103;103;4000;0;4,000;103;68;91;90;201806;jun-18;GGAL;s/e;Pesos;ACC;FI
2018;25/06/2018;GGAL/SEP18;Futuro;Futuro;0;0;0;0;0;0;0;0;114;5;91;90;201809;sep-18;GGAL;s/e;Pesos;ACC;FI
2018;25/07/2018;GGAL/SEP18;Futuro;Futuro;0;109.08;108.45;109.5;109.5;2300;0;2,300;109.5;36;91;90;201809;sep-18;GGAL;s/e;Pesos;ACC;FI
2018;25/07/2018;GGAL/DIC18;Futuro;Futuro;0;0;0;0;0;0;0;0;122.5;0;91;90;201812;dic-18;GGAL;s/e;Pesos;ACC;FI
2018;25/09/2018;GGAL/SEP18;Futuro;Futuro;0;110.06;108.73;112.01;112;7100;0;7,100;112;77;91;90;201809;sep-18;GGAL;s/e;Pesos;ACC;FI
2018;25/09/2018;GGAL/DIC18;Futuro;Futuro;0;0;0;0;0;0;0;0;124;31;91;90;201812;dic-18;GGAL;s/e;Pesos;ACC;FI
2018;25/10/2018;GGAL/DIC18;Futuro;Futuro;0;93.5;93.35;99.25;97.75;31400;0;31,400;97.75;441;91;90;201812;dic-18;GGAL;s/e;Pesos;ACC;FI
2018;26/01/2018;GGAL/MAR18;Futuro;Futuro;0;137;136.4;137;136.4;700;0;700;136.4;25;91;90;201803;mar-18;GGAL;s/e;Pesos;ACC;FI
2018;26/01/2018;GGAL/JUN18;Futuro;Futuro;0;0;0;0;0;0;0;0;144.4;0;91;90;201806;jun-18;GGAL;s/e;Pesos;ACC;FI
2018;26/02/2018;GGAL/MAR18;Futuro;Futuro;0;131.7;131.7;132;132;5500;0;5,500;132;32;91;90;201803;mar-18;GGAL;s/e;Pesos;ACC;FI
2018;26/02/2018;GGAL/JUN18;Futuro;Futuro;0;140.7;140.7;141;141;5500;0;5,500;141;0;91;90;201806;jun-18;GGAL;s/e;Pesos;ACC;FI
2018;26/03/2018;GGAL/MAR18;Futuro;Futuro;0;130;130;130.2;130.2;4000;0;4,000;130.2;22;91;90;201803;mar-18;GGAL;s/e;Pesos;ACC;FI
2018;26/03/2018;GGAL/JUN18;Futuro;Futuro;0;138;138;138.2;138.2;4000;0;4,000;138.2;0;91;90;201806;jun-18;GGAL;s/e;Pesos;ACC;FI
2018;26/04/2018;GGAL/JUN18;Futuro;Futuro;0;130.45;129.9;130.45;129.9;18000;0;18,000;129.9;5;91;90;201806;jun-18;GGAL;s/e;Pesos;ACC;FI
2018;26/06/2018;GGAL/JUN18;Futuro;Futuro;0;105.5;105.5;105.5;105.5;4000;0;4,000;102;68;91;90;201806;jun-18;GGAL;s/e;Pesos;ACC;FI
2018;26/06/2018;GGAL/SEP18;Futuro;Futuro;0;0;0;0;0;0;0;0;113;5;91;90;201809;sep-18;GGAL;s/e;Pesos;ACC;FI
2018;26/07/2018;GGAL/SEP18;Futuro;Futuro;0;110.85;109;110.85;109.5;10100;0;10,100;109.5;37;91;90;201809;sep-18;GGAL;s/e;Pesos;ACC;FI
2018;26/07/2018;GGAL/DIC18;Futuro;Futuro;0;122;122;122.5;122.5;10000;0;10,000;123;0;91;90;201812;dic-18;GGAL;s/e;Pesos;ACC;FI
2018;26/09/2018;GGAL/SEP18;Futuro;Futuro;0;115.1;112.46;115.1;113.8;12700;0;12,700;113.8;81;91;90;201809;sep-18;GGAL;s/e;Pesos;ACC;FI
2018;26/09/2018;GGAL/DIC18;Futuro;Futuro;0;128;128;128.3;128.3;10000;0;10,000;128.3;31;91;90;201812;dic-18;GGAL;s/e;Pesos;ACC;FI
2018;26/10/2018;GGAL/DIC18;Futuro;Futuro;0;96.05;93.6;98.95;94.45;68700;0;68,700;95.1;557;91;90;201812;dic-18;GGAL;s/e;Pesos;ACC;FI
2018;26/11/2018;GGAL/DIC18;Futuro;Futuro;0;106.65;103.15;107.79;103.15;52000;0;52,000;103.15;848;91;90;201812;dic-18;GGAL;s/e;Pesos;ACC;FI
2018;26/11/2018;GGAL/MAR19;Futuro;Futuro;0;119;119;119;119;500;0;500;119;15;91;90;201903;mar-19;GGAL;s/e;Pesos;ACC;FI
2018;26/12/2018;GGAL/DIC18;Futuro;Futuro;0;99;92.46;99;96.8;14800;0;14,800;96.8;726;91;90;201812;dic-18;GGAL;s/e;Pesos;ACC;FI
2018;26/12/2018;GGAL/MAR19;Futuro;Futuro;0;0;0;0;0;0;0;0;110.66;45;91;90;201903;mar-19;GGAL;s/e;Pesos;ACC;FI
2018;27/02/2018;GGAL/MAR18;Futuro;Futuro;0;129.8;129.8;130;130;5500;0;5,500;130;32;91;90;201803;mar-18;GGAL;s/e;Pesos;ACC;FI
2018;27/02/2018;GGAL/JUN18;Futuro;Futuro;0;138.8;138.8;139;139;5500;0;5,500;139;5;91;90;201806;jun-18;GGAL;s/e;Pesos;ACC;FI
2018;27/03/2018;GGAL/MAR18;Futuro;Futuro;0;0;0;0;0;0;0;0;135;22;91;90;201803;mar-18;GGAL;s/e;Pesos;ACC;FI
2018;27/03/2018;GGAL/JUN18;Futuro;Futuro;0;143;143;143;143;10000;0;10,000;143;0;91;90;201806;jun-18;GGAL;s/e;Pesos;ACC;FI
2018;27/04/2018;GGAL/JUN18;Futuro;Futuro;0;129.55;129.55;134.8;134.8;11500;0;11,500;134.8;5;91;90;201806;jun-18;GGAL;s/e;Pesos;ACC;FI
2018;27/06/2018;GGAL/JUN18;Futuro;Futuro;0;99.85;90.5;99.85;90.5;5000;0;5,000;90.5;68;91;90;201806;jun-18;GGAL;s/e;Pesos;ACC;FI
2018;27/06/2018;GGAL/SEP18;Futuro;Futuro;0;0;0;0;0;0;0;0;101.5;5;91;90;201809;sep-18;GGAL;s/e;Pesos;ACC;FI
2018;27/07/2018;GGAL/SEP18;Futuro;Futuro;0;110.4;106.29;111.74;107.85;13600;0;13,600;107.85;39;91;90;201809;sep-18;GGAL;s/e;Pesos;ACC;FI
2018;27/07/2018;GGAL/DIC18;Futuro;Futuro;0;119;119;119.9;119.9;10000;0;10,000;119.9;0;91;90;201812;dic-18;GGAL;s/e;Pesos;ACC;FI
2018;27/08/2018;GGAL/SEP18;Futuro;Futuro;0;85.07;83.2;85.75;83.2;17100;0;17,100;83.2;129;91;90;201809;sep-18;GGAL;s/e;Pesos;ACC;FI
2018;27/08/2018;GGAL/DIC18;Futuro;Futuro;0;94.2;93.2;94.2;93.2;10000;0;10,000;93.2;26;91;90;201812;dic-18;GGAL;s/e;Pesos;ACC;FI
2018;27/09/2018;GGAL/SEP18;Futuro;Futuro;0;116.2;106.56;116.2;109;18700;0;18,700;109;85;91;90;201809;sep-18;GGAL;s/e;Pesos;ACC;FI
2018;27/09/2018;GGAL/DIC18;Futuro;Futuro;0;0;0;0;0;0;0;0;123.04;31;91;90;201812;dic-18;GGAL;s/e;Pesos;ACC;FI
2018;27/11/2018;GGAL/DIC18;Futuro;Futuro;0;106;101.28;106.59;103;30800;0;30,800;103;848;91;90;201812;dic-18;GGAL;s/e;Pesos;ACC;FI
2018;27/11/2018;GGAL/MAR19;Futuro;Futuro;0;0;0;0;0;0;0;0;118.15;15;91;90;201903;mar-19;GGAL;s/e;Pesos;ACC;FI
2018;27/12/2018;GGAL/DIC18;Futuro;Futuro;0;97.65;97.2;101.45;100.76;17300;0;17,300;100.73;719;91;90;201812;dic-18;GGAL;s/e;Pesos;ACC;FI
2018;27/12/2018;GGAL/MAR19;Futuro;Futuro;0;113.82;113.82;113.82;113.82;500;0;500;113.82;50;91;90;201903;mar-19;GGAL;s/e;Pesos;ACC;FI
2018;28/02/2018;GGAL/MAR18;Futuro;Futuro;0;0;0;0;0;0;0;0;131;32;91;90;201803;mar-18;GGAL;s/e;Pesos;ACC;FI
2018;28/02/2018;GGAL/JUN18;Futuro;Futuro;0;0;0;0;0;0;0;0;140;5;91;90;201806;jun-18;GGAL;s/e;Pesos;ACC;FI
2018;28/03/2018;GGAL/MAR18;Futuro;Futuro;0;130;130;130;130;10000;0;10,000;131.4;0;91;90;201803;mar-18;GGAL;s/e;Pesos;ACC;FI
2018;28/03/2018;GGAL/JUN18;Futuro;Futuro;0;141;141;141;141;10000;0;10,000;141;0;91;90;201806;jun-18;GGAL;s/e;Pesos;ACC;FI
2018;28/05/2018;GGAL/JUN18;Futuro;Futuro;0;111.8;107.35;111.8;107.35;11000;0;11,000;107.35;65;91;90;201806;jun-18;GGAL;s/e;Pesos;ACC;FI
2018;28/05/2018;GGAL/SEP18;Futuro;Futuro;0;0;0;0;0;0;0;0;115.35;0;91;90;201809;sep-18;GGAL;s/e;Pesos;ACC;FI
2018;28/06/2018;GGAL/JUN18;Futuro;Futuro;0;95.93;95.93;99.7;99.7;8100;0;8,100;99.7;68;91;90;201806;jun-18;GGAL;s/e;Pesos;ACC;FI
2018;28/06/2018;GGAL/SEP18;Futuro;Futuro;0;111.75;111.75;111.75;111.75;500;0;500;111.75;5;91;90;201809;sep-18;GGAL;s/e;Pesos;ACC;FI
2018;28/08/2018;GGAL/SEP18;Futuro;Futuro;0;81.15;77.65;81.15;78.9;23500;0;23,500;78.9;103;91;90;201809;sep-18;GGAL;s/e;Pesos;ACC;FI
2018;28/08/2018;GGAL/DIC18;Futuro;Futuro;0;88.5;88.5;89.1;89.1;10000;0;10,000;89.1;26;91;90;201812;dic-18;GGAL;s/e;Pesos;ACC;FI
2018;28/09/2018;GGAL/SEP18;Futuro;Futuro;0;106.25;105.39;107.41;105.39;3100;0;3,100;105.723;0;91;90;201809;sep-18;GGAL;s/e;Pesos;ACC;FI
2018;28/09/2018;GGAL/DIC18;Futuro;Futuro;0;122.12;122.12;122.45;122.45;1000;0;1,000;122.45;41;91;90;201812;dic-18;GGAL;s/e;Pesos;ACC;FI
2018;28/11/2018;GGAL/DIC18;Futuro;Futuro;0;101.4;99.32;105.1;104.4;44100;0;44,100;104.4;828;91;90;201812;dic-18;GGAL;s/e;Pesos;ACC;FI
2018;28/11/2018;GGAL/MAR19;Futuro;Futuro;0;114;114;114;114;500;0;500;114;20;91;90;201903;mar-19;GGAL;s/e;Pesos;ACC;FI
2018;28/12/2018;GGAL/DIC18;Futuro;Futuro;0;101.45;99.32;103.75;102.52;24600;0;24,600;103.3;0;91;90;201812;dic-18;GGAL;s/e;Pesos;ACC;FI
2018;28/12/2018;GGAL/MAR19;Futuro;Futuro;0;0;0;0;0;0;0;0;113.82;50;91;90;201903;mar-19;GGAL;s/e;Pesos;ACC;FI
2018;29/01/2018;GGAL/MAR18;Futuro;Futuro;0;0;0;0;0;0;0;0;136.4;25;91;90;201803;mar-18;GGAL;s/e;Pesos;ACC;FI
2018;29/01/2018;GGAL/JUN18;Futuro;Futuro;0;0;0;0;0;0;0;0;144.4;0;91;90;201806;jun-18;GGAL;s/e;Pesos;ACC;FI
2018;29/05/2018;GGAL/JUN18;Futuro;Futuro;0;110;105.45;110;106.45;6500;0;6,500;106.45;60;91;90;201806;jun-18;GGAL;s/e;Pesos;ACC;FI
2018;29/05/2018;GGAL/SEP18;Futuro;Futuro;0;121;121;121;121;500;0;500;121;5;91;90;201809;sep-18;GGAL;s/e;Pesos;ACC;FI
2018;29/06/2018;GGAL/JUN18;Futuro;Futuro;0;0;0;0;0;0;0;0;94.931;0;91;90;201806;jun-18;GGAL;s/e;Pesos;ACC;FI
2018;29/06/2018;GGAL/SEP18;Futuro;Futuro;0;0;0;0;0;0;0;0;105;5;91;90;201809;sep-18;GGAL;s/e;Pesos;ACC;FI
2018;29/08/2018;GGAL/SEP18;Futuro;Futuro;0;79.85;78;79.85;78.21;11700;0;11,700;78.21;70;91;90;201809;sep-18;GGAL;s/e;Pesos;ACC;FI
2018;29/08/2018;GGAL/DIC18;Futuro;Futuro;0;88;88;88;88;500;0;500;88;26;91;90;201812;dic-18;GGAL;s/e;Pesos;ACC;FI
2018;29/10/2018;GGAL/DIC18;Futuro;Futuro;0;95.55;91.81;95.55;91.81;30300;0;30,300;91.81;666;91;90;201812;dic-18;GGAL;s/e;Pesos;ACC;FI
2018;29/11/2018;GGAL/DIC18;Futuro;Futuro;0;104.25;103.79;106.75;106.15;26700;0;26,700;106.15;816;91;90;201812;dic-18;GGAL;s/e;Pesos;ACC;FI
2018;29/11/2018;GGAL/MAR19;Futuro;Futuro;0;0;0;0;0;0;0;0;116;20;91;90;201903;mar-19;GGAL;s/e;Pesos;ACC;FI
2018;30/01/2018;GGAL/MAR18;Futuro;Futuro;0;133.5;133.5;134;134;3000;0;3,000;134;25;91;90;201803;mar-18;GGAL;s/e;Pesos;ACC;FI
2018;30/01/2018;GGAL/JUN18;Futuro;Futuro;0;143;143;143;143;1500;0;1,500;143;15;91;90;201806;jun-18;GGAL;s/e;Pesos;ACC;FI
2018;30/05/2018;GGAL/JUN18;Futuro;Futuro;0;108.05;108.05;109.05;108.3;5000;0;5,000;108.3;60;91;90;201806;jun-18;GGAL;s/e;Pesos;ACC;FI
2018;30/05/2018;GGAL/SEP18;Futuro;Futuro;0;0;0;0;0;0;0;0;121;5;91;90;201809;sep-18;GGAL;s/e;Pesos;ACC;FI
2018;30/07/2018;GGAL/SEP18;Futuro;Futuro;0;106.14;105.25;106.15;105.65;11200;0;11,200;106.65;44;91;90;201809;sep-18;GGAL;s/e;Pesos;ACC;FI
2018;30/07/2018;GGAL/DIC18;Futuro;Futuro;0;118;117.8;118;117.8;10000;0;10,000;117.8;0;91;90;201812;dic-18;GGAL;s/e;Pesos;ACC;FI
2018;30/08/2018;GGAL/SEP18;Futuro;Futuro;0;78.15;74.99;83;74.99;15200;0;15,200;74.99;49;91;90;201809;sep-18;GGAL;s/e;Pesos;ACC;FI
2018;30/08/2018;GGAL/DIC18;Futuro;Futuro;0;86.9;86.9;86.9;86.9;500;0;500;86.9;26;91;90;201812;dic-18;GGAL;s/e;Pesos;ACC;FI
2018;30/10/2018;GGAL/DIC18;Futuro;Futuro;0;92.35;92;93.85;92.95;26300;0;26,300;92.95;657;91;90;201812;dic-18;GGAL;s/e;Pesos;ACC;FI
2018;31/01/2018;GGAL/MAR18;Futuro;Futuro;0;138.5;138.5;138.5;138.5;1500;0;1,500;138.5;10;91;90;201803;mar-18;GGAL;s/e;Pesos;ACC;FI
2018;31/01/2018;GGAL/JUN18;Futuro;Futuro;0;147.5;147.5;147.5;147.5;1500;0;1,500;147.5;0;91;90;201806;jun-18;GGAL;s/e;Pesos;ACC;FI
2018;31/05/2018;GGAL/JUN18;Futuro;Futuro;0;108.6;107.4;110;109.95;10100;0;10,100;109.95;59;91;90;201806;jun-18;GGAL;s/e;Pesos;ACC;FI
2018;31/05/2018;GGAL/SEP18;Futuro;Futuro;0;0;0;0;0;0;0;0;122.65;5;91;90;201809;sep-18;GGAL;s/e;Pesos;ACC;FI
2018;31/07/2018;GGAL/SEP18;Futuro;Futuro;0;106.8;104.96;106.8;105.65;11300;0;11,300;105.65;46;91;90;201809;sep-18;GGAL;s/e;Pesos;ACC;FI
2018;31/07/2018;GGAL/DIC18;Futuro;Futuro;0;117.5;117;117.5;117;10000;0;10,000;117;0;91;90;201812;dic-18;GGAL;s/e;Pesos;ACC;FI
2018;31/08/2018;GGAL/SEP18;Futuro;Futuro;0;0;0;0;0;0;0;0;86.45;49;91;90;201809;sep-18;GGAL;s/e;Pesos;ACC;FI
2018;31/08/2018;GGAL/DIC18;Futuro;Futuro;0;0;0;0;0;0;0;0;96.8;26;91;90;201812;dic-18;GGAL;s/e;Pesos;ACC;FI
2018;31/10/2018;GGAL/DIC18;Futuro;Futuro;0;91.6;91.23;93.5;92.45;32800;0;32,800;92.6;741;91;90;201812;dic-18;GGAL;s/e;Pesos;ACC;FI
2017;01/12/2017;GGAL/DIC17;Futuro;Futuro;0;102;102;102;102;500;0;500;102;10;91;90;201712;dic-17;GGAL;s/e;Pesos;ACC;FI
2017;01/12/2017;GGAL/MAR18;Futuro;Futuro;0;108;108;108;108;500;0;500;108;1;91;90;201803;mar-18;GGAL;s/e;Pesos;ACC;FI
2017;04/12/2017;GGAL/DIC17;Futuro;Futuro;0;102.8;102.8;103.1;103.1;3500;0;3500;103.1;15;91;90;201712;dic-17;GGAL;s/e;Pesos;ACC;FI
2017;04/12/2017;GGAL/MAR18;Futuro;Futuro;0;108.8;108.8;109.1;109.1;3500;0;3500;109.1;5;91;90;201803;mar-18;GGAL;s/e;Pesos;ACC;FI
2017;05/12/2017;GGAL/DIC17;Futuro;Futuro;0;103.5;103.05;103.5;103.5;800;0;800;103.5;10;91;90;201712;dic-17;GGAL;s/e;Pesos;ACC;FI
2017;05/12/2017;GGAL/MAR18;Futuro;Futuro;0;109.5;109.5;109.5;109.5;500;0;500;109.5;1;91;90;201803;mar-18;GGAL;s/e;Pesos;ACC;FI
2017;06/12/2017;GGAL/DIC17;Futuro;Futuro;0;0;0;0;0;0;0;0;104.5;10;91;90;201712;dic-17;GGAL;s/e;Pesos;ACC;FI
2017;06/12/2017;GGAL/MAR18;Futuro;Futuro;0;0;0;0;0;0;0;0;110.5;1;91;90;201803;mar-18;GGAL;s/e;Pesos;ACC;FI
2017;07/12/2017;GGAL/DIC17;Futuro;Futuro;0;106.05;106.05;107.5;107.5;5000;0;5000;107.5;10;91;90;201712;dic-17;GGAL;s/e;Pesos;ACC;FI
2017;07/12/2017;GGAL/MAR18;Futuro;Futuro;0;112;112;113.5;113.5;3600;0;3600;113.5;5;91;90;201803;mar-18;GGAL;s/e;Pesos;ACC;FI
2017;11/12/2017;GGAL/DIC17;Futuro;Futuro;0;112.7;112.7;112.7;112.7;500;0;500;112.7;10;91;90;201712;dic-17;GGAL;s/e;Pesos;ACC;FI
2017;11/12/2017;GGAL/MAR18;Futuro;Futuro;0;118.7;118.7;118.7;118.7;500;0;500;118.7;0;91;90;201803;mar-18;GGAL;s/e;Pesos;ACC;FI
2017;12/12/2017;GGAL/DIC17;Futuro;Futuro;0;0;0;0;0;0;0;0;113.2;10;91;90;201712;dic-17;GGAL;s/e;Pesos;ACC;FI
2017;12/12/2017;GGAL/MAR18;Futuro;Futuro;0;0;0;0;0;0;0;0;119.2;0;91;90;201803;mar-18;GGAL;s/e;Pesos;ACC;FI
2017;13/12/2017;GGAL/DIC17;Futuro;Futuro;0;114.35;111.3;114.35;112.1;5500;0;5500;112.1;30;91;90;201712;dic-17;GGAL;s/e;Pesos;ACC;FI
2017;13/12/2017;GGAL/MAR18;Futuro;Futuro;0;118.1;118.1;118.1;118.1;2000;0;2000;118.1;20;91;90;201803;mar-18;GGAL;s/e;Pesos;ACC;FI
2017;14/12/2017;GGAL/DIC17;Futuro;Futuro;0;114.15;114.15;114.5;114.5;2700;0;2700;114.5;10;91;90;201712;dic-17;GGAL;s/e;Pesos;ACC;FI
2017;14/12/2017;GGAL/MAR18;Futuro;Futuro;0;120.5;120.5;120.5;120.5;2000;0;2000;120.5;0;91;90;201803;mar-18;GGAL;s/e;Pesos;ACC;FI
2017;15/12/2017;GGAL/DIC17;Futuro;Futuro;0;114.2;114;114.2;114;500;0;500;114;15;91;90;201712;dic-17;GGAL;s/e;Pesos;ACC;FI
2017;15/12/2017;GGAL/MAR18;Futuro;Futuro;0;0;0;0;0;0;0;0;120;0;91;90;201803;mar-18;GGAL;s/e;Pesos;ACC;FI
2017;18/12/2017;GGAL/DIC17;Futuro;Futuro;0;115.6;113.8;115.6;114.9;2600;0;2600;114.9;33;91;90;201712;dic-17;GGAL;s/e;Pesos;ACC;FI
2017;18/12/2017;GGAL/MAR18;Futuro;Futuro;0;120.9;120.9;120.9;120.9;2000;0;2000;120.9;20;91;90;201803;mar-18;GGAL;s/e;Pesos;ACC;FI
2017;19/12/2017;GGAL/DIC17;Futuro;Futuro;0;118.55;117.56;118.55;117.56;2200;0;2200;117.56;13;91;90;201712;dic-17;GGAL;s/e;Pesos;ACC;FI
2017;19/12/2017;GGAL/MAR18;Futuro;Futuro;0;124.55;124.55;124.55;124.55;2000;0;2000;124.55;0;91;90;201803;mar-18;GGAL;s/e;Pesos;ACC;FI
2017;20/12/2017;GGAL/DIC17;Futuro;Futuro;0;118.05;118.05;118.5;118.5;2200;0;2200;118.5;31;91;90;201712;dic-17;GGAL;s/e;Pesos;ACC;FI
2017;20/12/2017;GGAL/MAR18;Futuro;Futuro;0;124.5;124.5;124.5;124.5;2000;0;2000;124.5;20;91;90;201803;mar-18;GGAL;s/e;Pesos;ACC;FI
2017;21/11/2017;GGAL/DIC17;Futuro;Futuro;0;101.7;101.55;101.7;101.55;1100;0;1100;101.55;10;91;90;201712;dic-17;GGAL;s/e;Pesos;ACC;FI
2017;21/11/2017;GGAL/MAR18;Futuro;Futuro;0;107.15;107.15;107.15;107.15;100;0;100;107.15;1;91;90;201803;mar-18;GGAL;s/e;Pesos;ACC;FI
2017;21/12/2017;GGAL/DIC17;Futuro;Futuro;0;117.5;117.5;117.5;117.5;2000;0;2000;117.5;13;91;90;201712;dic-17;GGAL;s/e;Pesos;ACC;FI
2017;21/12/2017;GGAL/MAR18;Futuro;Futuro;0;123.5;123.5;123.5;123.5;2000;0;2000;123.5;0;91;90;201803;mar-18;GGAL;s/e;Pesos;ACC;FI
2017;22/11/2017;GGAL/DIC17;Futuro;Futuro;0;101.2;101.2;101.2;101.2;500;0;500;101.2;15;91;90;201712;dic-17;GGAL;s/e;Pesos;ACC;FI
2017;22/11/2017;GGAL/MAR18;Futuro;Futuro;0;107.2;107.2;107.2;107.2;500;0;500;107.2;5;91;90;201803;mar-18;GGAL;s/e;Pesos;ACC;FI
2017;22/12/2017;GGAL/DIC17;Futuro;Futuro;0;117.8;117.8;117.8;117.8;2000;0;2000;117.8;33;91;90;201712;dic-17;GGAL;s/e;Pesos;ACC;FI
2017;22/12/2017;GGAL/MAR18;Futuro;Futuro;0;123.8;123.8;123.8;123.8;2000;0;2000;123.8;20;91;90;201803;mar-18;GGAL;s/e;Pesos;ACC;FI
2017;23/11/2017;GGAL/DIC17;Futuro;Futuro;0;0;0;0;0;0;0;0;101.2;15;91;90;201712;dic-17;GGAL;s/e;Pesos;ACC;FI
2017;23/11/2017;GGAL/MAR18;Futuro;Futuro;0;0;0;0;0;0;0;0;107.2;5;91;90;201803;mar-18;GGAL;s/e;Pesos;ACC;FI
2017;24/11/2017;GGAL/DIC17;Futuro;Futuro;0;100.95;100.95;100.95;100.95;500;0;500;100.95;15;91;90;201712;dic-17;GGAL;s/e;Pesos;ACC;FI
2017;24/11/2017;GGAL/MAR18;Futuro;Futuro;0;106.95;106.95;106.95;106.95;500;0;500;106.95;5;91;90;201803;mar-18;GGAL;s/e;Pesos;ACC;FI
2017;26/12/2017;GGAL/DIC17;Futuro;Futuro;0;118.8;118.8;119.2;119.2;2200;0;2200;119.2;13;91;90;201712;dic-17;GGAL;s/e;Pesos;ACC;FI
2017;26/12/2017;GGAL/MAR18;Futuro;Futuro;0;125.2;125.2;125.2;125.2;2000;0;2000;125.2;0;91;90;201803;mar-18;GGAL;s/e;Pesos;ACC;FI
2017;27/11/2017;GGAL/DIC17;Futuro;Futuro;0;0;0;0;0;0;0;0;98;10;91;90;201712;dic-17;GGAL;s/e;Pesos;ACC;FI
2017;27/11/2017;GGAL/MAR18;Futuro;Futuro;0;0;0;0;0;0;0;0;104;1;91;90;201803;mar-18;GGAL;s/e;Pesos;ACC;FI
2017;27/12/2017;GGAL/DIC17;Futuro;Futuro;0;121.3;120.05;121.3;120.05;4500;0;4500;120.05;18;91;90;201712;dic-17;GGAL;s/e;Pesos;ACC;FI
2017;27/12/2017;GGAL/MAR18;Futuro;Futuro;0;126.3;126.05;126.3;126.05;4000;0;4000;126.05;0;91;90;201803;mar-18;GGAL;s/e;Pesos;ACC;FI
2017;28/11/2017;GGAL/DIC17;Futuro;Futuro;0;99.5;99.5;99.5;99.5;500;0;500;99.5;10;91;90;201712;dic-17;GGAL;s/e;Pesos;ACC;FI
2017;28/11/2017;GGAL/MAR18;Futuro;Futuro;0;105.5;105.5;105.5;105.5;500;0;500;105.5;6;91;90;201803;mar-18;GGAL;s/e;Pesos;ACC;FI
2017;28/12/2017;GGAL/DIC17;Futuro;Futuro;0;125.5;124.5;125.5;124.5;2000;0;2000;124.5;17;91;90;201712;dic-17;GGAL;s/e;Pesos;ACC;FI
2017;28/12/2017;GGAL/MAR18;Futuro;Futuro;0;131.5;130.5;131.5;130.5;2000;0;2000;130.5;0;91;90;201803;mar-18;GGAL;s/e;Pesos;ACC;FI
2017;29/11/2017;GGAL/DIC17;Futuro;Futuro;0;99.6;99.6;99.6;99.6;500;0;500;99.6;10;91;90;201712;dic-17;GGAL;s/e;Pesos;ACC;FI
2017;29/11/2017;GGAL/MAR18;Futuro;Futuro;0;105.6;105.6;105.6;105.6;500;0;500;105.6;1;91;90;201803;mar-18;GGAL;s/e;Pesos;ACC;FI
2017;29/12/2017;GGAL/DIC17;Futuro;Futuro;0;121.75;121.6;121.75;121.6;2000;0;2000;123.685;0;91;90;201712;dic-17;GGAL;s/e;Pesos;ACC;FI
2017;29/12/2017;GGAL/MAR18;Futuro;Futuro;0;127.75;127.6;127.75;127.6;2000;0;2000;127.6;0;91;90;201803;mar-18;GGAL;s/e;Pesos;ACC;FI
2017;30/11/2017;GGAL/DIC17;Futuro;Futuro;0;100.2;100.2;100.2;100.2;3500;0;3500;100.2;15;91;90;201712;dic-17;GGAL;s/e;Pesos;ACC;FI
2017;30/11/2017;GGAL/MAR18;Futuro;Futuro;0;106.2;106.2;106.2;106.2;3500;0;3500;106.2;5;91;90;201803;mar-18;GGAL;s/e;Pesos;ACC;FI
